player_id,first_name,second_name,player_name,club_name,position_name,extracted_at,total_points,event_points,now_cost,selected_by_percent,minutes,goals_scored,assists,clean_sheets,goals_conceded,own_goals,penalties_saved,penalties_missed,yellow_cards,red_cards,saves,bonus,bps,influence,creativity,threat,ict_index,form,dreamteam_count,value_form,value_season,points_per_game,transfers_in,transfers_out,transfers_in_event,transfers_out_event,cost_change_start,cost_change_start_fall,cost_change_event,cost_change_event_fall,expected_assists,expected_goals,expected_goal_involvements,expected_goals_conceded,starts,tackles,clearances_blocks_interceptions,recoveries,defensive_contribution,defensive_contribution_per_90,news,influence_rank,influence_rank_type,creativity_rank,creativity_rank_type,threat_rank,threat_rank_type,ict_index_rank,ict_index_rank_type,corners_and_indirect_freekicks_order,corners_and_indirect_freekicks_text,direct_freekicks_order,direct_freekicks_text,penalties_order,penalties_text,expected_goals_per_90,saves_per_90,expected_assists_per_90,expected_goal_involvements_per_90,expected_goals_conceded_per_90,goals_conceded_per_90,now_cost_rank,now_cost_rank_type,form_rank,form_rank_type,points_per_game_rank,points_per_game_rank_type,selected_rank,selected_rank_type,starts_per_90,clean_sheets_per_90
367,Cody,Gakpo,Cody Gakpo,Liverpool,MID,2026-09-06 15:09:00.155543+00:00,28,11,7.1,10.8,250,1,3,1,4,0,0,0,0,0,0,5,97,67.2,61.8,43.0,17.2,9.3,2,1.3,3.9,9.3,652690,169941,211993,11009,0.1,-0.1,0.0,0.0,1.2,0.36,1.56,4.56,3,6,7,12,25,9.0,,23,13,16,15,40,24,18,14,2.0,,,,3.0,,0.13,0.0,0.43,0.56,1.64,1.44,24,15,1,1,6,4,40,15,1.08,0.36
426,Bruno,Borges Fernandes,Bruno B.Fernandes,Man Utd,MID,2026-09-06 15:09:00.155543+00:00,27,2,12.0,48.4,270,3,1,0,6,0,0,0,0,0,0,3,116,152.6,117.9,83.0,35.4,9.0,1,0.8,2.2,9.0,454866,627446,34516,63784,0.0,0.0,0.0,0.0,0.8,2.29,3.09,4.08,3,2,2,12,16,5.33,,1,1,1,1,8,4,1,1,1.0,,1.0,,1.0,,0.76,0.0,0.27,1.03,1.36,2.0,2,1,2,2,8,5,3,1,1.0,0.0
572,Konstantinos,Tzolakis,Konstantinos Tzolakis,Hull City,GKP,2026-09-06 15:09:00.155543+00:00,26,6,4.6,8.3,270,0,0,3,0,0,0,0,0,0,9,6,98,60.8,0.0,0.0,6.1,8.7,2,1.9,5.7,8.7,517782,81768,48030,8480,0.1,-0.1,0.0,0.0,0.0,0.0,0.0,5.05,3,0,0,43,0,0.0,,29,5,490,51,435,50,142,4,,,,,,,0.0,3.0,0.0,0.0,1.68,0.0,422,22,3,1,9,1,51,7,1.0,1.0
399,Rayan,Cherki,Rayan Cherki,Man City,MID,2026-09-06 15:09:00.155543+00:00,25,3,7.8,30.7,173,2,2,1,1,0,0,0,1,0,0,4,111,114.0,96.6,53.0,26.4,8.3,1,1.1,3.2,8.3,2158410,175546,89202,52202,0.3,-0.3,0.1,-0.1,1.35,0.56,1.91,1.62,2,0,0,6,6,3.12,,2,2,3,3,30,19,2,2,1.0,,1.0,,,,0.29,0.0,0.7,0.99,0.84,0.52,14,9,5,3,11,6,7,3,1.04,0.52
279,Semi,Ajayi,Semi Ajayi,Hull City,DEF,2026-09-06 15:09:00.155543+00:00,25,5,4.1,10.0,243,1,0,3,0,0,0,0,1,0,0,2,80,59.8,1.0,35.0,9.5,8.3,1,2.0,6.1,8.3,779018,96193,67692,11351,0.1,-0.1,0.0,0.0,0.0,0.52,0.52,4.08,3,3,17,9,20,7.41,,31,9,282,101,54,10,73,19,,,,,,,0.19,0.0,0.0,0.19,1.51,0.0,575,159,4,1,10,3,43,16,1.11,1.11
586,Nobel,Mendy,Nobel Mendy,Hull City,DEF,2026-09-06 15:09:00.155543+00:00,24,8,4.0,5.9,191,1,0,2,0,0,0,0,0,0,0,1,66,79.4,0.6,40.0,12.0,8.0,1,2.0,6.0,8.0,391317,96726,44939,8503,0.0,0.0,0.0,0.0,0.0,0.32,0.32,3.76,3,5,27,6,32,15.08,,7,1,296,109,45,5,43,6,,,,,,,0.15,0.0,0.0,0.15,1.77,0.0,648,209,6,2,12,4,64,26,1.41,0.94
69,Alex,Scott,Alex Scott,Bournemouth,MID,2026-09-06 15:09:00.155543+00:00,24,10,6.0,2.9,266,1,2,1,4,0,0,0,1,0,0,5,93,59.0,36.9,21.0,11.7,8.0,1,1.3,4.0,8.0,135167,35727,69762,5070,0.0,0.0,0.0,0.0,0.3,0.33,0.63,4.67,3,7,9,21,37,12.52,,33,16,55,42,89,48,47,33,2.0,,4.0,,,,0.11,0.0,0.1,0.21,1.58,1.35,77,52,7,4,13,7,109,32,1.02,0.34
411,Erling,Haaland,Erling Haaland,Man City,FWD,2026-09-06 15:09:00.155543+00:00,24,9,15.5,71.1,270,3,0,1,2,0,0,0,0,0,0,6,106,72.8,5.3,101.0,17.9,8.0,2,0.5,1.5,8.0,500345,172985,30167,28623,0.0,0.0,0.0,0.0,0.5,2.46,2.96,2.68,3,0,8,7,15,5.0,,13,2,207,27,2,2,13,3,,,,,1.0,,0.82,0.0,0.17,0.99,0.89,0.67,1,1,8,1,14,2,2,2,1.0,0.33
277,John,Egan,John Egan,Hull City,DEF,2026-09-06 15:09:00.155543+00:00,23,6,4.0,5.6,270,0,0,3,0,0,0,0,0,0,0,1,70,67.2,0.5,2.0,7.0,7.7,0,1.9,5.8,7.7,445829,78069,67186,9196,0.0,0.0,0.0,0.0,0.0,0.0,0.0,5.05,3,5,36,5,41,13.67,,21,5,304,113,216,78,122,43,,,,,,,0.0,0.0,0.0,0.0,1.68,0.0,586,162,9,3,15,5,65,27,1.0,1.0
379,Alexander,Isak,Alexander Isak,Liverpool,FWD,2026-09-06 15:09:00.155543+00:00,23,13,9.0,17.7,243,3,0,1,4,0,0,0,0,0,0,5,97,45.4,24.9,114.0,18.4,7.7,1,0.9,2.6,7.7,394675,324514,140052,16532,0.0,0.0,0.0,0.0,0.06,2.29,2.35,4.46,3,1,2,2,5,1.85,,72,6,106,10,1,1,10,2,,,,,2.0,,0.85,0.0,0.02,0.87,1.65,1.48,5,2,10,2,16,3,21,4,1.11,0.37
330,Jayden,Bogle,Jayden Bogle,Leeds,DEF,2026-09-06 15:09:00.155543+00:00,22,14,4.5,0.8,217,1,0,2,1,0,0,0,1,0,0,3,63,25.6,12.4,4.0,4.2,7.3,1,1.6,4.9,7.3,30260,10903,19246,2258,0.0,0.0,0.0,0.0,0.03,0.9,0.93,1.64,3,3,9,8,12,4.98,,150,68,165,50,197,70,188,71,,,,,,,0.37,0.0,0.01,0.38,0.68,0.41,469,108,11,4,17,6,210,80,1.24,0.83
391,Joško,Gvardiol,Joško Gvardiol,Man City,DEF,2026-09-06 15:09:00.155543+00:00,22,8,5.6,19.1,254,1,1,1,2,0,0,0,0,0,0,3,77,75.2,44.1,19.0,13.8,7.3,0,1.3,3.9,7.3,850751,176908,73981,20607,0.1,-0.1,0.0,0.0,0.11,0.2,0.31,2.68,3,7,10,12,17,6.02,,10,2,43,8,94,25,31,2,,,,,,,0.07,0.0,0.04,0.11,0.95,0.71,119,12,12,5,18,7,15,3,1.06,0.35
229,James,Tarkowski,James Tarkowski,Everton,DEF,2026-09-06 15:09:00.155543+00:00,21,3,6.0,10.9,270,1,0,1,3,0,0,0,0,0,0,2,63,70.0,12.1,23.0,10.5,7.0,1,1.2,3.5,7.0,283297,137189,28923,14566,0.0,0.0,0.0,0.0,0.02,0.17,0.19,4.84,3,5,26,10,31,10.33,,17,3,169,52,82,19,63,16,,,,,,,0.06,0.0,0.01,0.07,1.61,1.0,59,5,17,9,23,11,39,14,1.0,0.33
98,Vitaly,Janelt,Vitaly Janelt,Brentford,MID,2026-09-06 15:09:00.155543+00:00,21,11,5.0,0.9,270,2,0,1,2,0,0,0,3,0,0,3,76,69.6,74.2,28.0,17.2,7.0,1,1.4,4.2,7.0,85832,21051,22468,3176,0.0,0.0,0.0,0.0,0.32,0.5,0.82,3.74,3,11,14,10,35,11.67,,18,11,10,10,66,40,16,12,3.0,,,,,,0.17,0.0,0.11,0.28,1.25,0.67,266,165,16,5,22,8,199,61,1.0,0.33
115,Maxim,De Cuyper,Maxim De Cuyper,Brighton,DEF,2026-09-06 15:09:00.155543+00:00,21,4,4.7,18.1,243,1,2,1,5,0,0,0,1,0,0,2,61,49.4,69.0,48.0,16.7,7.0,1,1.5,4.5,7.0,1467363,149681,100524,18713,0.2,-0.2,0.0,0.0,0.4,1.5,1.9,5.62,3,4,4,10,8,2.96,,60,23,14,1,35,4,19,1,2.0,,4.0,,,,0.56,0.0,0.15,0.71,2.08,1.85,421,79,15,8,21,10,19,5,1.11,0.37
68,Marcus,Tavernier,Marcus Tavernier,Bournemouth,MID,2026-09-06 15:09:00.155543+00:00,21,10,6.0,2.7,268,2,0,0,5,0,0,0,1,0,0,6,95,55.0,55.5,29.0,13.9,7.0,1,1.2,3.5,7.0,152333,68227,36863,5948,0.0,0.0,0.0,0.0,0.34,1.5,1.84,4.75,3,7,3,18,28,9.4,,44,21,25,22,65,39,30,24,1.0,,1.0,,3.0,,0.5,0.0,0.11,0.61,1.6,1.68,64,44,18,6,24,9,112,34,1.01,0.0
427,Bryan,Mbeumo,Bryan Mbeumo,Man Utd,MID,2026-09-06 15:09:00.155543+00:00,21,8,7.9,26.4,270,2,1,0,6,0,0,0,1,0,0,3,78,55.2,71.4,84.0,21.1,7.0,0,0.9,2.7,7.0,193648,1168801,18795,103701,-0.1,0.1,-0.1,0.1,0.47,2.31,2.78,4.08,3,3,4,10,17,5.67,,43,20,12,12,5,2,6,5,2.0,,2.0,,2.0,,0.77,0.0,0.16,0.93,1.36,2.0,12,8,19,7,26,11,8,4,1.0,0.0
165,João Pedro,Junqueira de Jesus,João Pedro João Pedro,Chelsea,FWD,2026-09-06 15:09:00.155543+00:00,20,0,7.7,71.7,180,2,2,0,5,1,0,0,0,0,0,4,89,104.0,45.5,83.0,23.2,6.7,1,0.9,2.6,10.0,937712,234430,85996,15494,0.2,-0.2,0.0,0.0,0.1,1.86,1.96,2.74,2,1,1,4,6,3.0,,4,1,40,1,7,4,4,1,,,,,,,0.93,0.0,0.05,0.98,1.37,2.5,15,5,23,3,3,1,1,1,1.0,0.0
8,Riccardo,Calafiori,Riccardo Calafiori,Arsenal,DEF,2026-09-06 15:09:00.155543+00:00,20,0,5.7,46.3,170,0,2,2,0,0,0,0,0,0,0,2,61,47.2,24.1,13.0,8.4,6.7,1,1.2,3.5,10.0,912474,170914,86890,10725,0.2,-0.2,0.0,0.0,0.55,0.15,0.7,0.39,2,2,6,5,8,4.24,,69,28,110,34,126,40,89,28,,,,,,,0.08,0.0,0.29,0.37,0.21,0.0,117,11,21,11,2,1,4,1,1.06,1.06
282,Ryan,Giles,Ryan Giles,Hull City,DEF,2026-09-06 15:09:00.155543+00:00,20,8,4.0,1.1,264,0,0,3,0,0,0,0,0,0,0,2,75,23.4,33.8,6.0,6.4,6.7,0,1.7,5.0,6.7,46254,13940,6550,1406,0.0,0.0,0.0,0.0,0.18,0.02,0.2,4.98,3,3,9,10,12,4.09,,162,74,69,17,183,62,137,50,1.0,,1.0,,,,0.01,0.0,0.06,0.07,1.7,0.0,607,177,20,10,27,12,180,71,1.02,1.02
388,Marc,Guéhi,Marc Guéhi,Man City,DEF,2026-09-06 15:09:00.155543+00:00,20,8,6.0,18.7,270,1,0,1,2,0,0,0,0,0,0,4,74,67.8,33.3,28.0,12.9,6.7,0,1.1,3.3,6.7,324783,246568,19151,22750,0.0,0.0,0.0,0.0,0.38,0.89,1.27,2.68,3,3,15,14,18,6.0,,20,4,71,19,67,13,37,4,,,,,,,0.3,0.0,0.13,0.43,0.89,0.67,66,6,22,12,28,13,17,4,1.0,0.33
12,Bukayo,Saka,Bukayo Saka,Arsenal,MID,2026-09-06 15:09:00.155543+00:00,20,0,9.5,11.2,157,2,0,2,0,0,0,0,0,0,0,4,82,83.8,34.1,77.0,19.5,6.7,0,0.7,2.1,10.0,288523,149709,43233,13193,0.0,0.0,0.0,0.0,0.12,1.27,1.39,0.39,2,3,5,10,18,10.32,,6,5,66,45,10,6,7,6,2.0,,2.0,,1.0,,0.73,0.0,0.07,0.8,0.22,0.0,4,3,24,8,4,2,36,12,1.15,1.15
154,Cole,Palmer,Cole Palmer,Chelsea,MID,2026-09-06 15:09:00.155543+00:00,20,0,9.6,20.2,172,2,1,0,5,0,0,0,0,0,0,3,88,106.0,66.6,80.0,25.3,6.7,1,0.7,2.1,10.0,888916,237842,124142,13082,0.1,-0.1,0.0,0.0,0.32,0.94,1.26,2.65,2,4,2,11,17,8.9,,3,3,15,14,9,5,3,3,,,3.0,,1.0,,0.49,0.0,0.17,0.66,1.39,2.62,3,2,25,9,5,3,13,6,1.05,0.0
268,Josh,King,Josh King,Fulham,MID,2026-09-06 15:09:00.155543+00:00,19,10,5.5,0.9,270,2,0,0,7,0,0,0,0,0,0,3,80,52.2,20.1,62.0,13.4,6.3,1,1.1,3.5,6.3,75408,21156,17591,3520,0.0,0.0,0.0,0.0,0.34,0.95,1.29,6.23,3,5,4,10,19,6.33,,49,25,124,75,20,11,34,27,,,,,,,0.32,0.0,0.11,0.43,2.08,2.33,189,117,26,10,32,13,205,65,1.0,0.0
335,Anton,Stach,Anton Stach,Leeds,MID,2026-09-06 15:09:00.155543+00:00,19,2,6.0,2.9,270,1,0,1,2,0,0,0,0,0,0,3,57,72.4,19.3,20.0,11.2,6.3,1,1.0,3.2,6.3,150958,72548,7438,9312,0.0,0.0,0.0,0.0,0.16,0.49,0.65,4.52,3,9,18,11,38,12.67,,14,9,130,79,91,49,54,36,1.0,,1.0,,,,0.16,0.0,0.05,0.21,1.51,0.67,75,50,27,11,33,14,105,31,1.0,0.33
449,Lewis,Hall,Lewis Hall,Newcastle,DEF,2026-09-06 15:09:00.155543+00:00,18,4,5.1,10.5,269,0,1,1,4,0,0,0,0,0,0,3,80,61.0,42.5,4.0,10.7,6.0,1,1.2,3.5,6.0,725423,113185,96086,13683,0.1,-0.1,0.0,0.0,0.67,0.04,0.71,5.45,3,8,22,27,30,10.04,,27,8,45,9,201,71,60,13,1.0,,1.0,,,,0.01,0.0,0.22,0.23,1.82,1.34,237,35,29,14,36,17,42,15,1.0,0.33
454,Anthony,Elanga,Anthony Elanga,Newcastle,MID,2026-09-06 15:09:00.155543+00:00,18,1,6.1,10.7,232,2,0,1,3,0,0,0,1,0,0,2,71,74.2,18.8,57.0,15.0,6.0,0,1.0,3.0,6.0,994928,139985,88815,33643,0.1,-0.1,0.0,0.0,0.34,0.42,0.76,4.01,3,4,2,3,9,3.49,,11,7,132,81,26,16,25,19,4.0,,,,,,0.16,0.0,0.13,0.29,1.56,1.16,58,41,34,15,43,19,41,16,1.16,0.39
10,Benjamin,White,Benjamin White,Arsenal,DEF,2026-09-06 15:09:00.155543+00:00,18,0,5.5,7.7,180,0,1,2,0,0,0,0,0,0,0,3,63,49.6,47.1,13.0,11.0,6.0,0,1.1,3.3,9.0,337883,160135,29647,17704,0.0,0.0,0.0,0.0,0.26,0.18,0.44,0.53,2,2,7,5,9,4.5,,59,22,35,7,124,39,56,12,,,,,,,0.09,0.0,0.13,0.22,0.26,0.0,134,15,31,15,7,2,56,22,1.0,1.0
480,Morgan,Gibbs-White,Morgan Gibbs-White,Nott'm Forest,MID,2026-09-06 15:09:00.155543+00:00,18,3,7.9,9.3,270,1,1,1,3,0,0,0,0,0,0,3,49,56.4,21.8,33.0,11.0,6.0,1,0.8,2.3,6.0,249986,416560,26010,20797,-0.1,0.1,0.0,0.0,0.11,1.4,1.51,3.28,3,4,2,9,15,5.0,,40,18,119,73,58,33,57,37,,,1.0,,1.0,,0.47,0.0,0.04,0.51,1.09,1.0,10,6,35,16,44,20,45,17,1.0,0.33
504,Luka,Vušković,Luka Vuskovic,Brighton,DEF,2026-09-06 15:09:00.155543+00:00,18,12,5.0,2.5,270,1,0,1,5,0,0,0,0,0,0,2,44,35.2,12.8,17.0,6.5,6.0,1,1.2,3.6,6.0,56370,49330,12341,4405,0.0,0.0,0.0,0.0,0.06,0.35,0.41,5.71,3,3,19,9,22,7.33,,116,53,164,49,104,30,135,49,,,,,,,0.12,0.0,0.02,0.14,1.9,1.67,366,65,28,13,35,16,114,46,1.0,0.33
565,Mamadou,Sangaré,Mamadou M.Sangaré,Brentford,MID,2026-09-06 15:09:00.155543+00:00,18,0,5.7,15.0,210,0,2,1,1,0,0,0,1,0,0,3,57,56.0,47.1,32.0,13.5,6.0,1,1.1,3.2,6.0,1123976,206272,40746,52860,0.2,-0.2,0.0,0.0,0.37,0.41,0.78,2.28,3,7,10,15,32,13.71,,41,19,36,29,59,34,33,26,,,,,,,0.18,0.0,0.16,0.34,0.98,0.43,118,77,33,14,41,18,28,10,1.29,0.43
544,Granit,Xhaka,Granit Xhaka,Sunderland,MID,2026-09-06 15:09:00.155543+00:00,18,3,5.5,4.6,270,0,1,1,3,0,0,0,1,0,0,5,72,39.2,89.3,0.0,12.8,6.0,0,1.1,3.3,6.0,94713,74567,6807,9276,0.0,0.0,0.0,0.0,0.57,0.06,0.63,3.96,3,5,7,23,35,11.67,,97,34,6,6,585,245,38,29,2.0,,1.0,,,,0.02,0.0,0.19,0.21,1.32,1.0,123,79,30,12,37,15,79,26,1.0,0.33
86,Keane,Lewis-Potter,Keane Lewis-Potter,Brentford,MID,2026-09-06 15:09:00.155543+00:00,18,2,5.5,2.2,267,1,1,1,2,0,0,0,0,0,0,3,70,85.6,47.5,21.0,15.4,6.0,0,1.1,3.3,6.0,161743,38779,7992,5736,0.0,0.0,0.0,0.0,0.65,1.03,1.68,3.74,3,4,11,12,27,9.1,,5,4,34,28,86,47,24,18,,,1.0,,,,0.35,0.0,0.22,0.57,1.26,0.67,150,91,32,13,39,17,118,37,1.01,0.34
453,Harvey,Barnes,Harvey Barnes,Newcastle,MID,2026-09-06 15:09:00.155543+00:00,17,12,6.0,1.5,270,1,1,1,4,0,0,0,0,0,0,2,58,12.4,24.5,16.0,5.3,5.7,1,1.0,2.8,5.7,73839,37892,33657,4821,0.0,0.0,0.0,0.0,0.06,0.22,0.28,5.47,3,3,7,8,18,6.0,,224,93,109,66,108,57,162,76,5.0,,,,,,0.07,0.0,0.02,0.09,1.82,1.33,65,45,36,17,45,21,151,45,1.0,0.33
204,Tyrick,Mitchell,Tyrick Mitchell,Crystal Palace,DEF,2026-09-06 15:09:00.155543+00:00,16,15,4.5,5.0,253,2,0,0,8,0,0,0,0,0,0,2,32,23.2,35.4,9.0,6.7,5.3,1,1.2,3.6,5.3,52527,134178,37511,6256,0.0,0.0,0.0,0.0,0.18,0.77,0.95,5.9,3,6,10,7,16,5.69,,163,75,61,15,152,50,127,46,,,,,,,0.27,0.0,0.06,0.33,2.1,2.85,481,116,38,17,47,20,74,32,1.07,0.0
124,Pascal,Groß,Pascal Groß,Brighton,MID,2026-09-06 15:09:00.155543+00:00,16,1,5.5,16.1,270,1,1,1,5,0,0,0,2,0,0,3,63,68.8,90.1,31.0,19.0,5.3,1,1.0,2.9,5.3,530324,238063,57830,24986,0.0,0.0,0.0,0.0,0.42,0.84,1.26,5.71,3,4,4,7,15,5.0,,19,12,5,5,62,37,8,7,1.0,,1.0,,1.0,,0.28,0.0,0.14,0.42,1.9,1.67,121,78,40,18,49,22,25,9,1.0,0.33
123,Jack,Hinshelwood,Jack Hinshelwood,Brighton,MID,2026-09-06 15:09:00.155543+00:00,16,0,6.0,1.2,63,2,0,1,0,0,0,0,0,0,0,3,54,72.8,13.4,59.0,14.5,5.3,1,0.9,2.7,16.0,146864,147210,413,10430,0.0,0.0,0.0,0.0,0.02,1.41,1.43,0.19,1,2,0,1,3,4.29,Unspecified injury - 50% chance of playing,12,8,158,95,24,14,26,20,,,,,,,2.01,0.0,0.03,2.04,0.27,0.0,79,54,42,20,1,1,169,53,1.43,1.43
237,Iliman,Ndiaye,Iliman Ndiaye,Man City,MID,2026-09-06 15:09:00.155543+00:00,16,3,5.9,11.1,266,0,1,2,1,0,0,0,0,0,0,1,64,53.4,54.3,58.0,16.6,5.3,0,0.9,2.7,5.3,217051,609824,12682,76652,-0.1,0.1,-0.1,0.1,0.43,0.28,0.71,5.47,3,7,6,17,30,10.15,,46,22,26,23,25,15,21,16,,,,,,,0.09,0.0,0.15,0.24,1.85,0.34,98,63,41,19,50,23,38,14,1.02,0.68
332,James,Justin,James Justin,Leeds,DEF,2026-09-06 15:09:00.155543+00:00,16,4,4.5,1.5,270,0,0,1,2,0,0,0,0,0,0,2,49,49.2,14.1,11.0,7.4,5.3,0,1.2,3.6,5.3,83846,34067,4680,3248,0.0,0.0,0.0,0.0,0.02,0.17,0.19,4.52,3,11,19,11,30,10.0,,61,24,154,47,137,45,113,40,,,,,,,0.06,0.0,0.01,0.07,1.51,0.67,464,104,37,16,46,19,149,63,1.0,0.33
88,Michael,Kayode,Michael Kayode,Brentford,DEF,2026-09-06 15:09:00.155543+00:00,16,1,4.6,9.4,207,1,0,1,1,0,0,0,0,0,0,1,47,48.2,17.5,54.0,11.9,5.3,1,1.2,3.5,5.3,525204,123160,12888,22390,0.1,-0.1,0.0,0.0,0.21,0.55,0.76,2.28,3,1,12,11,13,5.65,,63,25,134,39,29,1,45,7,,,,,,,0.24,0.0,0.09,0.33,0.99,0.43,423,80,39,18,48,21,44,17,1.3,0.43
242,Tyrique,George,Tyrique George,Everton,MID,2026-09-06 15:09:00.155543+00:00,15,10,5.5,0.3,234,1,0,1,3,0,0,0,0,0,0,3,60,13.0,35.6,41.0,8.9,5.0,0,0.9,2.7,5.0,5594,7899,1561,617,0.0,0.0,0.0,0.0,0.16,0.27,0.43,2.97,3,1,4,8,13,5.0,,217,87,59,44,44,27,82,47,,,,,,,0.1,0.0,0.06,0.16,1.14,1.15,185,114,46,21,55,24,315,112,1.15,0.38
469,Neco,Williams,Neco N.Williams,Nott'm Forest,DEF,2026-09-06 15:09:00.155543+00:00,15,7,5.0,8.3,270,0,1,1,3,0,0,0,0,0,0,1,57,49.6,31.1,12.0,9.3,5.0,0,1.0,3.0,5.0,81774,182840,14106,12008,0.0,0.0,0.0,0.0,0.24,0.12,0.36,3.28,3,12,12,19,24,8.0,,58,21,77,22,129,41,75,21,2.0,,2.0,,,,0.04,0.0,0.08,0.12,1.09,1.0,273,43,44,20,52,23,52,19,1.0,0.33
94,Kevin,Schade,Kevin Schade,Brentford,MID,2026-09-06 15:09:00.155543+00:00,15,2,6.0,4.2,267,1,0,1,2,0,0,0,0,0,0,3,62,60.0,22.9,93.0,17.6,5.0,0,0.8,2.5,5.0,173496,87501,8210,14206,0.0,0.0,0.0,0.0,0.2,0.77,0.97,3.74,3,5,4,14,23,7.75,,30,15,111,67,4,1,15,11,,,,,2.0,,0.26,0.0,0.07,0.33,1.26,0.67,78,53,47,22,56,25,85,28,1.01,0.34
368,Dominik,Szoboszlai,Dominik Szoboszlai,Liverpool,MID,2026-09-06 15:09:00.155543+00:00,15,3,7.0,40.2,270,1,0,1,4,0,0,0,0,0,0,1,73,71.8,87.8,25.0,18.5,5.0,0,0.7,2.1,5.0,549623,575679,23599,121846,0.0,0.0,0.0,0.0,0.52,1.17,1.69,4.63,3,4,8,17,29,9.67,,15,10,7,7,78,44,9,8,1.0,,1.0,,1.0,,0.39,0.0,0.17,0.56,1.54,1.33,27,18,49,24,58,27,5,2,1.0,0.33
385,James,Trafford,James Trafford,Leeds,GKP,2026-09-06 15:09:00.155543+00:00,15,3,5.0,5.3,270,0,0,1,2,0,0,0,0,0,11,2,66,57.0,0.0,0.0,5.7,5.0,0,1.0,3.0,5.0,156803,71487,11512,7563,0.0,0.0,0.0,0.0,0.0,0.0,0.0,4.52,3,0,2,31,0,0.0,,39,7,544,62,503,62,150,7,,,,,,,0.0,3.67,0.0,0.0,1.51,0.67,294,12,45,2,53,4,68,10,1.0,0.33
236,Kiernan,Dewsbury-Hall,Kiernan Dewsbury-Hall,Everton,MID,2026-09-06 15:09:00.155543+00:00,15,2,6.5,4.4,270,1,0,1,3,0,0,0,0,0,0,3,84,62.2,80.6,36.0,17.9,5.0,0,0.8,2.3,5.0,216694,133861,23186,13977,0.0,0.0,0.0,0.0,0.4,0.45,0.85,4.8,3,9,3,17,29,9.67,,26,14,9,9,52,30,12,10,2.0,,,,,,0.15,0.0,0.13,0.28,1.6,1.0,35,23,48,23,57,26,82,27,1.0,0.33
173,Bobby,Thomas,Bobby Thomas,Coventry City,DEF,2026-09-06 15:09:00.155543+00:00,15,4,4.0,8.6,257,0,0,1,4,0,0,0,0,0,0,2,58,40.2,11.9,1.0,5.3,5.0,0,1.2,3.8,5.0,175695,105888,23476,12331,0.0,0.0,0.0,0.0,0.19,0.24,0.43,4.18,3,2,29,11,31,10.86,,89,40,172,53,248,91,159,59,,,,,,,0.08,0.0,0.07,0.15,1.46,1.4,618,184,43,19,51,22,50,18,1.05,0.35
15,Martin,Ødegaard,Martin Ødegaard,Arsenal,MID,2026-09-06 15:09:00.155543+00:00,14,0,6.6,11.1,145,1,0,2,0,0,0,0,0,0,0,3,54,57.4,48.3,36.0,14.2,4.7,0,0.7,2.1,7.0,430824,230360,21612,20898,0.1,-0.1,0.0,0.0,0.17,0.29,0.46,0.39,2,5,3,5,13,8.07,,37,17,33,27,53,31,29,23,4.0,,4.0,,3.0,,0.18,0.0,0.11,0.29,0.24,0.0,32,21,53,27,25,10,37,13,1.24,1.24
286,Mohamed,Belloumi,Mohamed Belloumi,Hull City,MID,2026-09-06 15:09:00.155543+00:00,14,5,5.0,0.9,253,0,1,3,0,0,0,0,0,0,0,0,46,33.8,14.3,18.0,6.6,4.7,0,0.9,2.8,4.7,45467,16073,5015,1603,0.0,0.0,0.0,0.0,0.06,0.2,0.26,4.87,3,9,14,9,32,11.38,,121,44,153,92,96,50,130,66,3.0,,2.0,,,,0.07,0.0,0.02,0.09,1.73,0.0,349,210,51,25,60,28,203,63,1.07,1.07
432,Kobbie,Mainoo,Kobbie Mainoo,Man Utd,MID,2026-09-06 15:09:00.155543+00:00,14,9,5.5,1.2,185,0,1,0,2,0,0,0,0,0,0,2,64,18.0,9.7,11.0,3.8,4.7,0,0.9,2.5,4.7,27507,28850,4565,2026,0.0,0.0,0.0,0.0,0.35,0.21,0.56,2.05,2,5,5,21,31,15.08,,189,72,188,104,140,70,201,89,,,,,,,0.1,0.0,0.17,0.27,1.0,0.97,177,108,52,26,61,29,176,54,0.97,0.0
334,Tarik,Muharemović,Tarik Muharemović,Leeds,DEF,2026-09-06 15:09:00.155543+00:00,14,4,5.0,3.3,270,0,0,1,2,0,0,0,0,0,0,0,52,67.2,1.4,19.0,8.7,4.7,0,0.9,2.8,4.7,70026,62845,7983,8410,0.0,0.0,0.0,0.0,0.02,0.09,0.11,4.52,3,3,36,6,39,13.0,,22,6,268,94,93,24,84,25,,,,,,,0.03,0.0,0.01,0.04,1.51,0.67,343,62,50,21,59,24,100,38,1.0,0.33
428,Matheus,Santos Carneiro da Cunha,Matheus Cunha,Man Utd,MID,2026-09-06 15:09:00.155543+00:00,14,3,7.9,7.6,227,0,2,1,3,0,0,0,0,0,0,1,55,25.4,55.8,63.0,14.5,4.7,0,0.6,1.8,4.7,53329,273067,2891,22343,-0.1,0.1,-0.1,0.1,0.41,0.47,0.88,2.72,3,2,0,6,8,3.17,,152,55,23,20,18,10,27,21,,,,,,,0.19,0.0,0.16,0.35,1.08,1.19,11,7,54,28,62,30,57,20,1.19,0.4
397,Antoine,Semenyo,Antoine Semenyo,Man City,MID,2026-09-06 15:09:00.155543+00:00,13,6,8.4,18.9,270,0,2,1,2,0,0,0,0,0,0,0,75,35.0,51.9,71.0,15.8,4.3,0,0.5,1.5,4.3,125286,669953,7558,65622,-0.1,0.1,-0.1,0.1,0.93,0.17,1.1,2.68,3,3,0,9,12,4.0,,117,43,28,24,13,8,22,17,,,,,2.0,,0.06,0.0,0.31,0.37,0.89,0.67,6,4,69,34,75,35,16,7,1.0,0.33
542,Enzo,Le Fée,Enzo E.Le Fée,Sunderland,MID,2026-09-06 15:09:00.155543+00:00,13,8,5.9,5.5,258,1,0,1,2,0,0,0,0,0,0,1,51,8.0,31.1,30.0,7.0,4.3,0,0.7,2.2,4.3,21176,407258,2470,28298,-0.1,0.1,0.0,0.0,0.23,1.21,1.44,3.76,3,6,1,7,14,4.88,,249,108,78,50,64,38,124,62,1.0,,2.0,,2.0,,0.42,0.0,0.08,0.5,1.31,0.7,106,67,64,31,72,33,66,21,1.05,0.35
4,Gabriel,dos Santos Magalhães,Gabriel Gabriel,Arsenal,DEF,2026-09-06 15:09:00.155543+00:00,13,0,8.0,25.5,180,0,0,2,0,0,0,0,1,0,0,0,44,24.8,5.0,7.0,3.6,4.3,0,0.5,1.6,6.5,115691,508410,10043,38660,0.0,0.0,0.0,0.0,0.03,0.18,0.21,0.53,2,2,12,7,14,7.0,,154,69,210,67,182,61,207,81,,,,,,,0.09,0.0,0.02,0.11,0.26,0.0,7,1,68,28,31,15,9,2,1.0,1.0
553,Wilson,Isidor,Wilson Isidor,Sunderland,FWD,2026-09-06 15:09:00.155543+00:00,13,4,5.5,1.2,75,1,1,0,1,0,0,0,0,0,0,3,47,29.2,0.3,25.0,5.4,4.3,0,0.8,2.4,4.3,47754,30583,9454,3105,0.0,0.0,0.0,0.0,0.01,1.49,1.5,0.92,0,0,0,2,2,2.4,,135,12,318,39,76,17,158,18,,,,,,,1.79,0.0,0.01,1.8,1.1,1.2,154,40,60,4,68,5,170,25,0.0,0.0
377,Victor,Munoz,Victor Munoz,Liverpool,MID,2026-09-06 15:09:00.155543+00:00,13,3,6.5,1.3,180,1,1,1,2,0,0,0,1,0,0,0,48,46.2,25.7,43.0,11.5,4.3,0,0.7,2.0,4.3,94518,36443,4821,7329,0.0,0.0,0.0,0.0,0.25,0.42,0.67,3.95,2,2,4,5,11,5.5,,71,28,100,62,39,23,49,35,,,,,,,0.21,0.0,0.12,0.33,1.98,1.0,46,31,66,32,74,34,161,50,1.0,0.5
87,Kristoffer,Ajer,Kristoffer Ajer,Brentford,DEF,2026-09-06 15:09:00.155543+00:00,13,2,4.5,5.2,270,0,0,1,2,0,0,0,1,0,0,0,44,57.8,21.9,37.0,11.7,4.3,0,1.0,2.9,4.3,257323,89924,12892,14092,0.0,0.0,0.0,0.0,0.03,0.11,0.14,3.74,3,2,30,7,32,10.67,,35,11,117,36,49,8,46,8,,,,,,,0.04,0.0,0.01,0.05,1.25,0.67,455,97,56,23,65,27,71,30,1.0,0.33
127,Diego,Gómez Amarilla,Diego Gomez,Brighton,MID,2026-09-06 15:09:00.155543+00:00,13,2,5.0,5.0,265,0,2,1,5,0,0,0,0,0,0,0,55,37.6,45.4,83.0,16.6,4.3,0,0.9,2.6,4.3,221522,91716,20069,14732,0.0,0.0,0.0,0.0,0.7,0.65,1.35,5.71,3,8,5,7,20,6.79,,106,39,41,33,6,3,20,15,,,5.0,,,,0.22,0.0,0.24,0.46,1.94,1.7,338,201,58,29,67,31,75,23,1.02,0.34
533,Nordi,Mukiele,Nordi Mukiele,Sunderland,DEF,2026-09-06 15:09:00.155543+00:00,13,4,5.5,2.4,180,0,0,1,1,0,0,0,0,0,0,1,44,42.6,8.0,2.0,5.3,4.3,0,0.8,2.4,6.5,28678,67705,1672,4313,0.0,0.0,0.0,0.0,0.03,0.0,0.03,2.16,2,6,27,10,33,16.5,,83,36,195,62,242,89,161,60,,,,,,,0.0,0.0,0.02,0.02,1.08,0.5,137,16,59,25,29,14,116,47,1.0,0.5
593,Amar,Dedic,Amar Dedić,Newcastle,DEF,2026-09-06 15:09:00.155543+00:00,13,1,4.5,3.5,270,0,1,1,4,0,0,0,0,0,0,2,39,59.0,31.6,5.0,9.6,4.3,1,1.0,2.9,4.3,370940,64478,41936,13119,0.0,0.0,0.0,0.0,0.08,0.14,0.22,5.47,3,5,13,11,18,6.0,,32,10,75,21,193,67,72,18,,,,,,,0.05,0.0,0.03,0.08,1.82,1.33,496,127,57,24,66,28,93,37,1.0,0.33
230,Jarrad,Branthwaite,Jarrad Branthwaite,Everton,DEF,2026-09-06 15:09:00.155543+00:00,13,3,5.5,1.8,270,0,0,1,3,0,0,0,0,0,0,0,43,41.2,2.3,39.0,8.2,4.3,0,0.8,2.4,4.3,38992,33169,4388,2866,0.0,0.0,0.0,0.0,0.02,0.17,0.19,4.84,3,4,28,9,32,10.67,,86,39,238,78,48,7,95,33,,,,,,,0.06,0.0,0.01,0.07,1.61,1.0,170,21,62,26,70,29,135,56,1.0,0.33
472,Murillo,Costa dos Santos,Murillo Murillo,Nott'm Forest,DEF,2026-09-06 15:09:00.155543+00:00,13,8,5.5,1.5,269,0,0,1,3,0,0,0,0,0,0,0,42,43.4,26.2,8.0,7.8,4.3,0,0.8,2.4,4.3,20192,33778,1952,1789,0.0,0.0,0.0,0.0,0.28,0.35,0.63,3.28,3,6,24,10,30,10.04,,78,32,98,30,160,54,104,37,,,3.0,,,,0.12,0.0,0.09,0.21,1.1,1.0,188,25,63,27,71,30,147,62,1.0,0.33
483,Dan,Ndoye,Dan Ndoye,Nott'm Forest,MID,2026-09-06 15:09:00.155543+00:00,13,1,5.5,0.7,184,1,0,1,1,0,0,0,0,0,0,2,40,37.2,25.5,36.0,9.9,4.3,0,0.8,2.4,4.3,38427,19125,3204,2582,0.0,0.0,0.0,0.0,0.63,0.35,0.98,2.48,3,2,2,13,17,8.32,,108,41,101,63,51,29,70,42,,,,,,,0.17,0.0,0.31,0.48,1.21,0.49,160,97,61,30,69,32,231,78,1.47,0.49
40,Morgan,Rogers,Morgan Rogers,Chelsea,MID,2026-09-06 15:09:00.155543+00:00,13,0,7.5,25.3,171,1,1,0,5,0,0,0,0,0,0,1,65,75.6,100.0,52.0,22.7,4.3,0,0.6,1.7,6.5,564202,422165,100801,28432,0.0,0.0,0.0,0.0,1.11,1.1,2.21,2.65,2,3,1,8,12,6.32,,9,6,2,2,31,20,5,4,4.0,,,,,,0.58,0.0,0.58,1.16,1.39,2.63,17,10,67,33,30,12,11,5,1.05,0.0
258,Timothy,Castagne,Timothy Castagne,Fulham,DEF,2026-09-06 15:09:00.155543+00:00,13,1,4.5,0.9,247,0,2,1,6,0,0,0,1,0,0,0,38,38.0,28.5,23.0,8.9,4.3,0,1.0,2.9,4.3,58559,16235,2249,2781,0.0,0.0,0.0,0.0,0.37,0.67,1.04,4.47,3,4,11,11,15,5.47,,103,46,87,26,81,18,80,23,,,,,,,0.24,0.0,0.13,0.37,1.63,2.19,446,90,55,22,64,26,201,78,1.09,0.36
464,Yoane,Wissa,Yoane Wissa,Newcastle,FWD,2026-09-06 15:09:00.155543+00:00,13,1,6.2,16.2,261,1,1,1,3,0,0,0,2,0,0,2,51,55.6,26.6,74.0,15.6,4.3,0,0.7,2.1,4.3,1425693,148139,147597,34643,0.2,-0.2,0.1,-0.1,0.05,1.35,1.4,4.3,3,5,2,10,17,5.86,,42,3,95,8,12,5,23,5,,,,,2.0,,0.47,0.0,0.02,0.49,1.48,1.03,57,13,65,5,73,6,24,5,1.03,0.34
327,Jaka,Bijol,Jaka Bijol,Leeds,DEF,2026-09-06 15:09:00.155543+00:00,12,1,5.0,0.9,164,0,0,1,2,0,0,0,0,0,0,2,29,32.0,0.6,15.0,4.8,4.0,0,0.8,2.4,4.0,61310,28981,1183,3270,0.0,0.0,0.0,0.0,0.0,0.11,0.11,3.16,2,3,18,7,21,11.52,,131,59,298,111,115,35,179,66,,,,,,,0.06,0.0,0.0,0.06,1.73,1.1,296,51,73,31,79,34,200,77,1.1,0.55
96,Mikkel,Damsgaard,Mikkel Damsgaard,Brentford,MID,2026-09-06 15:09:00.155543+00:00,12,8,5.5,0.5,167,0,1,1,1,0,0,0,0,0,0,3,56,24.2,58.7,25.0,10.8,4.0,0,0.7,2.2,4.0,7263,15968,1012,757,0.0,0.0,0.0,0.0,0.45,0.03,0.48,1.86,2,3,3,11,17,9.16,,159,58,20,18,77,43,59,39,2.0,,3.0,,,,0.02,0.0,0.24,0.26,1.0,0.54,156,94,75,35,82,37,256,85,1.08,0.54
1,David,Raya Martín,David Raya,Arsenal,GKP,2026-09-06 15:09:00.155543+00:00,12,0,6.0,38.6,180,0,0,2,0,0,0,0,0,0,1,0,45,17.4,0.0,0.0,1.8,4.0,0,0.7,2.0,6.0,354046,338017,42364,27311,0.0,0.0,0.0,0.0,0.0,0.0,0.0,0.53,2,0,2,19,0,0.0,,194,20,634,71,629,71,267,20,,,,,,,0.0,0.5,0.0,0.0,0.26,0.0,61,1,79,4,42,3,6,1,1.0,1.0
471,Nikola,Milenković,Nikola Milenković,Nott'm Forest,DEF,2026-09-06 15:09:00.155543+00:00,12,7,5.5,1.6,270,0,0,1,3,0,0,0,1,0,0,0,34,24.6,0.6,14.0,3.9,4.0,0,0.7,2.2,4.0,9813,36638,1595,1749,0.0,0.0,0.0,0.0,0.03,0.11,0.14,3.28,3,5,26,12,31,10.33,,156,70,301,112,120,37,197,74,,,,,,,0.04,0.0,0.01,0.05,1.09,1.0,145,17,74,32,81,35,140,59,1.0,0.33
316,Emersonn,Correia da Silva,Emersonn Emersonn,Ipswich Town,FWD,2026-09-06 15:09:00.155543+00:00,12,2,5.5,1.7,175,1,0,0,4,0,0,0,0,0,0,3,56,46.6,37.4,42.0,12.6,4.0,0,0.7,2.2,4.0,105669,74138,8122,6084,0.0,0.0,0.0,0.0,0.06,1.04,1.1,2.02,3,2,3,2,7,3.6,,70,5,54,2,42,13,41,6,,,,,2.0,,0.53,0.0,0.03,0.56,1.04,2.06,181,43,77,6,85,7,139,20,1.54,0.0
249,Thierno,Barry,Thierno Barry,Everton,FWD,2026-09-06 15:09:00.155543+00:00,12,2,5.6,5.1,237,1,0,1,3,0,0,0,0,0,0,2,50,48.0,30.7,99.0,17.8,4.0,0,0.7,2.1,4.0,397099,128870,50925,15099,0.1,-0.1,0.1,-0.1,0.11,2.31,2.42,2.92,3,1,2,7,10,3.8,,66,4,80,7,3,3,14,4,,,,,1.0,,0.88,0.0,0.04,0.92,1.11,1.14,120,30,78,7,86,8,72,10,1.14,0.38
532,Daniel,Ballard,Daniel Ballard,Sunderland,DEF,2026-09-06 15:09:00.155543+00:00,12,4,5.0,3.9,270,0,0,1,3,0,0,0,1,0,0,0,43,41.8,2.4,7.0,5.1,4.0,0,0.8,2.4,4.0,30096,164788,1670,20289,0.0,0.0,0.0,0.0,0.15,0.09,0.24,3.96,3,5,24,6,29,9.67,,85,38,235,76,170,59,169,62,,,,,,,0.03,0.0,0.05,0.08,1.32,1.0,282,48,71,30,78,33,87,34,1.0,0.33
597,Zion,Suzuki,Zion Suzuki,Aston Villa,GKP,2026-09-06 15:09:00.155543+00:00,12,10,5.0,1.2,180,0,0,1,1,0,0,0,0,0,5,3,46,13.6,0.0,0.0,1.4,4.0,1,0.8,2.4,6.0,46681,19818,9358,1773,0.0,0.0,0.0,0.0,0.0,0.0,0.0,1.61,2,0,3,22,0,0.0,,215,22,545,63,504,63,282,22,,,,,,,0.0,2.5,0.0,0.0,0.8,0.5,295,13,72,3,34,2,168,24,1.0,0.5
11,Cristhian,Mosquera,Cristhian Mosquera,Arsenal,DEF,2026-09-06 15:09:00.155543+00:00,12,0,5.5,4.2,168,0,0,2,0,0,0,0,0,0,0,0,52,24.6,2.0,0.0,2.7,4.0,0,0.7,2.2,6.0,29322,199644,366,25327,0.0,0.0,0.0,0.0,0.01,0.0,0.01,0.53,2,0,10,3,10,5.36,Unspecified injury - 75% chance of playing,157,71,250,85,607,211,227,88,,,,,,,0.0,0.0,0.01,0.01,0.28,0.0,176,23,76,33,40,18,86,33,1.07,1.07
280,Lewie,Coyle,Lewie Coyle,Hull City,DEF,2026-09-06 15:09:00.155543+00:00,12,6,4.0,0.5,177,0,0,2,0,0,0,0,1,0,0,0,44,10.4,11.6,0.0,2.2,4.0,0,1.0,3.0,4.0,4622,16222,467,955,0.0,0.0,0.0,0.0,0.02,0.0,0.02,4.06,3,1,5,4,6,3.05,,231,95,173,54,272,99,245,91,,,,,,,0.0,0.0,0.01,0.01,2.06,0.0,599,170,70,29,76,31,250,95,1.53,1.02
211,Yéremy,Pino Santos,Yéremy Yeremy,Crystal Palace,MID,2026-09-06 15:09:00.155543+00:00,11,5,5.5,0.3,190,0,2,0,5,0,0,0,0,0,0,0,56,12.8,40.5,15.0,6.8,3.7,0,0.7,2.0,3.7,9966,5755,4201,715,0.0,0.0,0.0,0.0,0.39,0.36,0.75,5.29,2,5,3,12,20,9.47,,219,89,49,39,117,60,125,63,1.0,,1.0,,,,0.17,0.0,0.18,0.35,2.51,2.37,172,105,88,41,100,46,309,108,0.95,0.0
244,Harrison,Armstrong,Harrison Armstrong,Everton,MID,2026-09-06 15:09:00.155543+00:00,11,1,5.0,0.4,266,0,1,1,3,0,0,0,1,0,0,0,42,40.0,27.0,4.0,7.2,3.7,0,0.7,2.2,3.7,37550,13216,3396,1571,0.0,0.0,0.0,0.0,0.11,0.09,0.2,4.84,3,6,9,15,30,10.15,,92,33,92,57,200,97,117,59,,,,,,,0.03,0.0,0.04,0.07,1.64,1.02,365,223,85,39,97,44,270,90,1.02,0.34
226,Jordan,Pickford,Jordan Pickford,Everton,GKP,2026-09-06 15:09:00.155543+00:00,11,1,5.5,8.7,270,0,0,1,3,0,0,0,0,0,9,0,62,63.4,0.0,0.0,6.4,3.7,0,0.7,2.0,3.7,131115,121054,11098,10940,0.0,0.0,0.0,0.0,0.02,0.0,0.02,4.84,3,0,4,35,0,0.0,,24,3,605,68,586,68,139,3,,,,,,,0.0,3.0,0.01,0.01,1.61,1.0,124,2,86,6,98,6,49,6,1.0,0.33
79,Francisco Evanilson,de Lima Barbosa,Francisco Evanilson Evanilson,Bournemouth,FWD,2026-09-06 15:09:00.155543+00:00,11,2,6.0,3.3,244,0,2,2,2,0,0,0,1,0,0,0,32,34.4,34.1,24.0,9.2,3.7,0,0.6,1.8,3.7,152395,71290,10199,8812,0.0,0.0,0.0,0.0,0.26,0.71,0.97,4.32,3,1,9,8,18,6.64,,120,11,65,6,80,18,77,12,,,,,,,0.26,0.0,0.1,0.36,1.59,0.74,72,16,90,8,102,12,99,15,1.11,0.74
570,César,Palacios,César Palacios,Fulham,MID,2026-09-06 15:09:00.155543+00:00,11,8,5.5,0.2,207,1,0,0,6,0,0,0,1,0,0,1,43,5.8,8.6,11.0,2.5,3.7,0,0.7,2.0,3.7,2391,5541,469,401,0.0,0.0,0.0,0.0,0.03,0.98,1.01,4.97,3,2,3,8,13,5.65,,264,117,192,107,141,71,236,105,,,,,,,0.43,0.0,0.01,0.44,2.16,2.61,187,116,89,42,101,47,347,128,1.3,0.0
605,Malick,Yalcouyé,Malick Yalcouyé,Brighton,MID,2026-09-06 15:09:00.155543+00:00,11,2,4.5,2.3,167,1,0,0,4,0,0,0,0,0,0,1,58,51.4,22.8,42.0,11.6,3.7,0,0.8,2.4,3.7,251584,41719,38832,7134,0.0,0.0,0.0,0.0,0.26,0.75,1.01,5.32,2,3,4,5,12,6.47,,50,26,112,68,41,25,48,34,,,,,,,0.4,0.0,0.14,0.54,2.87,2.16,553,282,82,37,94,42,117,36,1.08,0.0
82,Caoimhín,Kelleher,Caoimhín Kelleher,Brentford,GKP,2026-09-06 15:09:00.155543+00:00,11,2,5.0,6.9,270,0,0,1,2,0,0,0,0,0,7,0,51,40.8,0.0,0.0,4.0,3.7,0,0.7,2.2,3.7,195585,89040,7448,10171,0.0,0.0,0.0,0.0,0.01,0.0,0.01,3.74,3,0,4,15,0,0.0,,87,11,531,60,487,60,191,12,,,,,,,0.0,2.33,0.0,0.0,1.25,0.67,263,10,84,5,96,5,60,9,1.0,0.33
290,Regan,Slater,Regan Slater,Hull City,MID,2026-09-06 15:09:00.155543+00:00,11,3,4.5,4.9,270,0,1,3,0,0,0,0,1,0,0,0,36,28.2,22.1,2.0,5.3,3.7,0,0.8,2.4,3.7,276859,100315,26920,11699,0.0,0.0,0.0,0.0,0.46,0.04,0.5,5.05,3,6,5,8,19,6.33,,140,51,116,71,221,105,160,75,2.0,,,,,,0.01,0.0,0.15,0.16,1.68,0.0,478,263,81,36,93,41,76,24,1.0,1.0
460,Joe,Willock,Joe Willock,Newcastle,MID,2026-09-06 15:09:00.155543+00:00,11,2,5.0,0.4,166,1,0,1,3,0,0,0,0,0,0,0,34,38.4,18.2,17.0,6.6,3.7,0,0.7,2.2,3.7,35099,11345,4109,1671,0.0,0.0,0.0,0.0,0.2,0.52,0.72,3.57,2,3,2,3,8,4.34,,99,35,133,82,100,52,129,65,,,,,,,0.28,0.0,0.11,0.39,1.94,1.63,261,161,83,38,95,43,262,87,1.08,0.54
591,Julio,Enciso,Julio Enciso,Ipswich Town,MID,2026-09-06 15:09:00.155543+00:00,11,1,5.5,0.8,250,0,2,0,8,0,0,0,1,0,0,0,65,43.4,26.4,39.0,10.9,3.7,0,0.7,2.0,3.7,59914,18059,6348,2794,0.0,0.0,0.0,0.0,0.64,0.87,1.51,6.09,3,2,4,15,21,7.56,,77,30,96,59,47,28,58,38,,,,,,,0.31,0.0,0.23,0.54,2.19,2.88,167,101,87,40,99,45,216,69,1.08,0.0
398,Phil,Foden,Phil Foden,Man City,MID,2026-09-06 15:09:00.155543+00:00,11,1,7.0,5.5,195,0,2,0,2,0,0,0,1,0,0,1,56,53.2,95.4,32.0,18.1,3.7,0,0.5,1.6,3.7,290224,161743,7341,40343,0.0,0.0,0.0,0.0,0.86,1.61,2.47,1.81,2,4,2,8,14,6.46,,47,23,4,4,60,35,11,9,3.0,,2.0,,,,0.74,0.0,0.4,1.14,0.84,0.92,26,17,91,43,103,48,67,22,0.92,0.0
233,Vitalii,Mykolenko,Vitalii Mykolenko,Everton,DEF,2026-09-06 15:09:00.155543+00:00,11,1,4.5,1.8,270,0,0,1,3,0,0,0,0,0,0,0,42,49.6,14.8,2.0,6.7,3.7,0,0.8,2.4,3.7,75162,40830,13258,5504,0.0,0.0,0.0,0.0,0.07,0.0,0.07,4.84,3,4,18,15,22,7.33,,57,20,149,45,219,81,126,45,,,,,,,0.0,0.0,0.02,0.02,1.61,1.0,468,107,80,34,92,37,133,55,1.0,0.33
214,Daichi,Kamada,Daichi Kamada,Crystal Palace,MID,2026-09-06 15:09:00.155543+00:00,10,5,5.0,0.3,268,0,1,0,8,0,0,0,1,0,0,0,67,38.0,32.1,7.0,7.7,3.3,0,0.7,2.0,3.3,8633,8416,2396,770,0.0,0.0,0.0,0.0,0.3,0.05,0.35,6.34,3,9,4,14,27,9.07,,104,38,74,48,169,82,106,54,3.0,,,,,,0.02,0.0,0.1,0.12,2.13,2.69,269,167,95,44,111,49,300,104,1.01,0.0
350,Alisson,Becker,Alisson A.Becker,Liverpool,GKP,2026-09-06 15:09:00.155543+00:00,10,8,5.5,3.7,270,0,0,1,4,0,0,0,1,0,9,1,37,25.4,0.0,0.0,2.6,3.3,0,0.6,1.8,3.3,74361,84843,6533,5630,0.0,0.0,0.0,0.0,0.0,0.0,0.0,4.63,3,0,6,24,0,0.0,,151,16,606,69,587,69,230,16,,,,,,,0.0,3.0,0.0,0.0,1.54,1.33,125,3,98,8,114,8,90,14,1.0,0.33
84,Nathan,Collins,Nathan Collins,Brentford,DEF,2026-09-06 15:09:00.155543+00:00,10,1,5.5,2.1,196,0,0,1,1,0,0,0,1,0,0,0,39,39.6,22.4,51.0,11.3,3.3,0,0.6,1.8,3.3,58364,41893,1100,11936,0.0,0.0,0.0,0.0,0.05,0.51,0.56,2.13,3,2,15,11,17,7.81,Calf injury - 25% chance of playing,93,42,115,35,32,2,52,10,,,,,,,0.23,0.0,0.02,0.25,0.98,0.46,153,18,101,39,117,46,125,51,1.38,0.46
551,Nilson,Angulo,Nilson N.Angulo,Sunderland,MID,2026-09-06 15:09:00.155543+00:00,10,2,5.0,0.1,185,1,0,1,2,0,0,0,1,0,0,0,47,40.0,20.0,16.0,7.6,3.3,0,0.7,2.0,3.3,10510,5073,399,582,0.0,0.0,0.0,0.0,0.12,0.15,0.27,3.0,3,3,2,12,17,8.27,,91,32,127,76,107,56,109,56,,,3.0,,,,0.07,0.0,0.06,0.13,1.46,0.97,347,208,97,45,113,50,369,137,1.46,0.49
346,Dominic,Calvert-Lewin,Dominic Calvert-Lewin,Leeds,FWD,2026-09-06 15:09:00.155543+00:00,10,1,6.0,25.4,252,1,0,1,2,0,0,0,2,0,0,2,29,38.4,4.8,46.0,8.4,3.3,0,0.6,1.7,3.3,305120,618208,22220,86044,0.0,0.0,0.0,0.0,0.08,1.61,1.69,3.2,3,0,4,5,9,3.21,,100,9,213,28,37,12,90,13,,,,,1.0,,0.58,0.0,0.03,0.61,1.14,0.71,62,14,102,9,118,13,10,3,1.07,0.36
112,Jan Paul,van Hecke,Jan Paul Van Hecke,Spurs,DEF,2026-09-06 15:09:00.155543+00:00,10,8,4.9,7.2,270,0,0,1,5,0,0,0,0,0,0,2,41,54.8,16.5,35.0,10.6,3.3,0,0.7,2.0,3.3,61952,333951,4156,15604,-0.1,0.1,0.0,0.0,0.07,0.2,0.27,5.51,3,5,16,11,21,7.0,,45,14,141,43,55,11,62,15,,,,,,,0.07,0.0,0.02,0.09,1.84,1.67,402,74,94,37,110,44,58,23,1.0,0.33
569,Gonzalo,García,Gonzalo Gonzalo,Fulham,FWD,2026-09-06 15:09:00.155543+00:00,10,2,6.0,4.5,270,1,0,0,7,0,0,0,0,0,0,0,45,42.8,7.1,64.0,11.4,3.3,0,0.6,1.7,3.3,289633,115372,8804,18980,0.0,0.0,0.0,0.0,0.22,1.44,1.66,6.23,3,2,5,6,13,4.33,,82,7,198,25,17,8,51,7,,,,,1.0,,0.48,0.0,0.07,0.55,2.08,2.33,81,18,103,10,119,14,80,11,1.0,0.0
116,Lewis,Dunk,Lewis Dunk,Brighton,DEF,2026-09-06 15:09:00.155543+00:00,10,5,4.5,1.3,270,0,0,1,5,0,0,0,1,0,0,1,40,28.2,8.4,0.0,3.7,3.3,0,0.7,2.2,3.3,36614,20543,2945,1475,0.0,0.0,0.0,0.0,0.06,0.0,0.06,5.71,3,2,15,11,17,5.67,,139,62,193,61,327,140,202,78,,,3.0,,,,0.0,0.0,0.02,0.02,1.9,1.67,429,82,92,35,108,42,160,64,1.0,0.33
474,Jair,Paula da Cunha Filho,Jair Jair Cunha,Nott'm Forest,DEF,2026-09-06 15:09:00.155543+00:00,10,8,4.5,0.2,270,0,0,1,3,0,0,0,1,0,0,0,35,35.4,1.7,0.0,3.7,3.3,0,0.7,2.2,3.3,2223,3977,1040,424,0.0,0.0,0.0,0.0,0.01,0.03,0.04,3.28,3,5,23,5,28,9.33,,115,52,258,89,411,176,203,79,,,,,,,0.01,0.0,0.0,0.01,1.09,1.0,540,144,93,36,109,43,340,124,1.0,0.33
384,Gianluigi,Donnarumma,Gianluigi Donnarumma,Man City,GKP,2026-09-06 15:09:00.155543+00:00,10,7,5.5,7.9,270,0,0,1,2,1,0,0,0,0,7,0,46,33.6,0.0,0.0,3.4,3.3,0,0.6,1.8,3.3,111199,180915,6051,15898,0.0,0.0,0.0,0.0,0.0,0.0,0.0,2.68,3,0,2,14,0,0.0,,122,13,610,70,594,70,210,13,,,,,,,0.0,2.33,0.0,0.0,0.89,0.67,139,4,100,9,116,9,55,8,1.0,0.33
390,Rúben,dos Santos Gato Alves Dias,Rúben Rúben,Man City,DEF,2026-09-06 15:09:00.155543+00:00,10,6,5.5,1.8,270,0,0,1,2,0,0,0,0,0,0,0,55,51.4,40.2,37.0,12.8,3.3,0,0.6,1.8,3.3,32511,39878,2236,3367,0.0,0.0,0.0,0.0,0.74,0.09,0.83,2.68,3,1,14,14,15,5.0,,51,15,50,10,50,9,39,5,,,,,,,0.03,0.0,0.25,0.28,0.89,0.67,129,13,99,38,115,45,136,57,1.0,0.33
567,Lukás,Hornícek,Lukás Horníček,Newcastle,GKP,2026-09-06 15:09:00.155543+00:00,10,2,5.0,1.2,270,0,0,1,4,0,0,0,1,0,13,0,56,75.8,0.0,0.0,7.6,3.3,0,0.7,2.0,3.3,73581,27282,9783,3917,0.0,0.0,0.0,0.0,0.0,0.0,0.0,5.47,3,0,5,15,0,0.0,,8,1,554,65,517,65,108,1,,,,,,,0.0,4.33,0.0,0.0,1.82,1.33,312,15,96,7,112,7,173,26,1.0,0.33
338,Ethan,Ampadu,Ethan Ampadu,Leeds,MID,2026-09-06 15:09:00.155543+00:00,9,2,5.5,1.1,270,0,0,1,2,0,0,0,0,0,0,0,43,38.2,39.9,1.0,7.9,3.0,0,0.5,1.6,3.0,8789,31666,636,2956,0.0,0.0,0.0,0.0,0.14,0.01,0.15,4.52,3,8,17,9,34,11.33,,101,36,52,41,251,123,102,53,,,,,,,0.0,0.0,0.05,0.05,1.51,0.67,135,82,117,47,137,55,181,56,1.0,0.33
305,Leif,Davis,Leif Davis,Ipswich Town,DEF,2026-09-06 15:09:00.155543+00:00,9,1,4.0,5.2,270,1,0,0,8,0,0,0,0,0,0,0,15,62.2,17.0,50.0,13.0,3.0,0,0.8,2.2,3.0,79983,72040,9788,10794,0.0,0.0,0.0,0.0,0.25,0.65,0.9,6.12,3,2,15,8,17,5.67,,25,7,136,41,34,3,36,3,2.0,,2.0,,,,0.22,0.0,0.08,0.3,2.04,2.67,617,183,104,40,120,47,70,29,1.0,0.0
109,Bart,Verbruggen,Bart Verbruggen,Brighton,GKP,2026-09-06 15:09:00.155543+00:00,9,3,4.5,22.1,270,0,0,1,5,0,0,0,0,0,4,0,41,16.8,0.0,0.0,1.7,3.0,0,0.7,2.0,3.0,390884,232166,35180,29788,0.0,0.0,0.0,0.0,0.2,0.0,0.2,5.71,3,0,0,23,0,0.0,,197,21,437,45,379,44,269,21,,,,,,,0.0,1.33,0.07,0.07,1.9,1.67,507,43,109,11,126,11,12,2,1.0,0.33
366,Florian,Wirtz,Florian Wirtz,Liverpool,MID,2026-09-06 15:09:00.155543+00:00,9,3,7.4,9.1,242,0,1,1,4,0,0,0,1,0,0,0,53,37.6,42.2,51.0,13.1,3.0,0,0.4,1.2,3.0,96450,382519,2497,68878,-0.1,0.1,-0.1,0.1,0.29,0.67,0.96,3.46,3,4,0,15,19,7.07,,107,40,46,36,33,21,35,28,3.0,,2.0,,4.0,,0.25,0.0,0.11,0.36,1.29,1.49,21,13,120,48,144,59,47,19,1.12,0.37
393,Abdukodir,Khusanov,Abdukodir Khusanov,Man City,DEF,2026-09-06 15:09:00.155543+00:00,9,5,5.5,1.6,268,0,0,1,2,0,0,0,1,0,0,0,53,38.0,8.7,4.0,5.0,3.0,0,0.5,1.6,3.0,17253,41705,1375,2885,0.0,0.0,0.0,0.0,0.06,0.0,0.06,2.68,3,8,9,13,17,5.71,,105,47,191,60,205,74,171,63,,,,,,,0.0,0.0,0.02,0.02,0.9,0.67,190,26,118,48,139,55,141,60,1.01,0.34
455,Sandro,Tonali,Sandro Tonali,Spurs,MID,2026-09-06 15:09:00.155543+00:00,9,5,5.4,2.8,254,0,0,1,5,0,0,0,0,0,0,0,52,11.2,32.7,12.0,5.6,3.0,0,0.6,1.7,3.0,31296,157386,3146,7854,-0.1,0.1,0.0,0.0,0.09,0.09,0.18,5.51,3,5,5,10,20,7.09,,227,94,73,47,130,66,152,72,,,6.0,,,,0.03,0.0,0.03,0.06,1.95,1.77,211,131,115,46,135,54,110,33,1.06,0.35
447,Sven,Botman,Sven Botman,Newcastle,DEF,2026-09-06 15:09:00.155543+00:00,9,1,5.0,0.7,270,0,0,1,4,0,0,0,1,0,0,0,29,43.6,2.1,2.0,4.8,3.0,0,0.6,1.8,3.0,25930,11675,1593,1552,0.0,0.0,0.0,0.0,0.17,0.01,0.18,5.47,3,2,22,9,24,8.0,,76,31,244,81,231,87,178,65,,,,,,,0.0,0.0,0.06,0.06,1.82,1.33,276,44,111,44,130,52,237,87,1.0,0.33
529,Robin,Roefs,Robin Roefs,Sunderland,GKP,2026-09-06 15:09:00.155543+00:00,9,2,5.0,3.3,270,0,0,1,3,0,0,0,0,0,2,0,40,19.2,0.0,0.0,1.9,3.0,0,0.6,1.8,3.0,15587,89169,584,9611,0.0,0.0,0.0,0.0,0.0,0.0,0.0,3.96,3,0,4,28,0,0.0,,181,19,565,66,530,66,262,19,,,,,,,0.0,0.67,0.0,0.0,1.32,1.0,329,16,113,13,132,13,97,17,1.0,0.33
534,Trai,Hume,Trai Hume,Sunderland,DEF,2026-09-06 15:09:00.155543+00:00,9,1,4.5,5.1,195,0,0,1,1,0,0,0,0,0,0,0,46,28.0,58.5,15.0,10.2,3.0,0,0.7,2.0,3.0,32092,153852,912,29928,0.0,0.0,0.0,0.0,0.28,0.04,0.32,3.09,2,9,3,12,12,5.54,,142,63,21,3,113,34,68,17,3.0,,,,,,0.02,0.0,0.13,0.15,1.43,0.46,505,132,108,43,125,51,73,31,0.92,0.46
496,Antonín,Kinský,Antonín Kinsky,Spurs,GKP,2026-09-06 15:09:00.155543+00:00,9,6,4.5,19.2,270,0,0,1,5,0,0,0,0,0,6,0,43,47.4,0.0,0.0,4.8,3.0,0,0.7,2.0,3.0,100876,398887,13831,44597,0.0,0.0,0.0,0.0,0.0,0.0,0.0,5.51,3,0,6,26,0,0.0,,67,9,435,44,377,43,177,10,,,,,,,0.0,2.0,0.0,0.0,1.84,1.67,503,42,107,10,124,10,14,3,1.0,0.33
536,Reinildo,Mandava,Reinildo Reinildo,Sunderland,DEF,2026-09-06 15:09:00.155543+00:00,9,2,4.5,0.4,270,0,0,1,3,0,0,0,0,0,0,0,49,39.4,33.5,6.0,7.9,3.0,0,0.7,2.0,3.0,3167,8762,220,861,0.0,0.0,0.0,0.0,0.31,0.0,0.31,3.96,3,7,15,15,22,7.33,,95,43,70,18,185,64,101,36,,,,,,,0.0,0.0,0.1,0.1,1.32,1.0,486,120,106,42,123,50,273,100,1.0,0.33
503,Micky,van de Ven,Micky Van de Ven,Spurs,DEF,2026-09-06 15:09:00.155543+00:00,9,9,5.0,3.7,180,0,0,1,2,0,0,0,1,0,0,3,35,15.2,2.1,0.0,1.7,3.0,0,0.6,1.8,4.5,30671,207647,5740,4928,0.0,0.0,0.0,0.0,0.02,0.57,0.59,1.64,2,4,13,8,17,8.5,,205,86,246,83,526,201,272,99,,,,,,,0.28,0.0,0.01,0.29,0.82,1.0,324,59,112,45,63,25,89,35,1.0,0.5
579,Ronald,Araujo,Ronald Araujo,Liverpool,DEF,2026-09-06 15:09:00.155543+00:00,9,8,5.4,2.2,123,0,0,1,0,0,0,0,1,0,0,0,29,19.0,3.5,0.0,2.2,3.0,0,0.6,1.7,3.0,43227,118322,7945,4008,-0.1,0.1,0.0,0.0,0.05,0.0,0.05,1.36,1,2,13,4,15,10.98,,183,80,223,71,569,206,249,92,,,,,,,0.0,0.0,0.04,0.04,1.0,0.0,215,30,116,47,136,54,122,49,0.73,0.73
541,Thomas,Meunier,Thomas Meunier,Sunderland,DEF,2026-09-06 15:09:00.155543+00:00,9,2,4.5,0.3,243,0,0,1,3,0,0,0,0,0,0,0,32,36.4,25.3,20.0,8.2,3.0,0,0.7,2.0,3.0,3881,4464,232,408,0.0,0.0,0.0,0.0,0.13,0.21,0.34,3.51,3,2,12,8,14,5.19,,112,51,103,32,90,23,94,32,,,,,,,0.08,0.0,0.05,0.13,1.3,1.11,430,83,105,41,121,48,299,110,1.11,0.37
467,Matz,Sels,Matz Sels,Nott'm Forest,GKP,2026-09-06 15:09:00.155543+00:00,9,6,5.0,1.4,270,0,0,1,3,0,0,0,0,0,4,0,38,30.8,0.0,0.0,3.1,3.0,0,0.6,1.8,3.0,13789,31963,2035,1994,0.0,0.0,0.0,0.0,0.01,0.0,0.01,3.28,3,0,4,26,0,0.0,,133,14,519,56,471,55,216,14,,,,,,,0.0,1.33,0.0,0.0,1.09,1.0,240,5,110,12,128,12,156,22,1.0,0.33
362,Jeremy,Jacquet,Jeremy Jacquet,Liverpool,DEF,2026-09-06 15:09:00.155543+00:00,9,5,5.0,2.6,235,0,0,1,4,0,0,0,1,0,0,0,50,43.2,27.0,2.0,7.2,3.0,0,0.6,1.8,3.0,90315,65620,10780,6947,0.0,0.0,0.0,0.0,0.1,0.0,0.1,4.02,3,7,16,10,23,8.81,,79,33,91,28,235,88,116,42,,,,,,,0.0,0.0,0.04,0.04,1.54,1.53,362,64,114,46,134,53,113,45,1.15,0.38
356,Virgil,van Dijk,Virgil Virgil,Liverpool,DEF,2026-09-06 15:09:00.155543+00:00,9,6,6.5,17.3,270,0,0,1,4,0,0,0,1,0,0,0,45,50.2,5.9,26.0,8.2,3.0,0,0.5,1.4,3.0,156947,378086,14683,25531,0.0,0.0,0.0,0.0,0.06,0.25,0.31,4.63,3,5,20,15,25,8.33,,55,18,203,66,73,16,96,34,,,,,,,0.08,0.0,0.02,0.1,1.54,1.33,33,2,119,49,141,57,23,7,1.0,0.33
295,Oli,McBurnie,Oli McBurnie,Hull City,FWD,2026-09-06 15:09:00.155543+00:00,8,2,5.5,2.0,270,0,1,3,0,0,0,0,1,0,0,0,30,18.0,34.4,60.0,11.2,2.7,0,0.5,1.5,2.7,128190,74103,4917,8162,0.0,0.0,0.0,0.0,0.07,0.54,0.61,5.05,3,2,4,6,12,4.0,,188,17,64,5,23,10,53,8,,,,,1.0,,0.18,0.0,0.02,0.2,1.68,0.0,128,33,126,11,149,16,126,19,1.0,1.0
313,Jack,Clarke,Jack Clarke,Ipswich Town,MID,2026-09-06 15:09:00.155543+00:00,8,1,5.5,0.2,43,1,0,0,0,0,0,0,0,0,0,1,30,33.6,0.6,18.0,5.2,2.7,0,0.5,1.5,4.0,4510,9024,141,855,0.0,0.0,0.0,0.0,0.02,0.15,0.17,0.09,0,1,1,2,4,8.37,,123,45,302,152,97,51,166,80,3.0,,3.0,,1.0,,0.31,0.0,0.04,0.35,0.19,0.0,158,95,130,54,84,38,321,115,0.0,0.0
459,Lewis,Miley,Lewis L.Miley,Newcastle,MID,2026-09-06 15:09:00.155543+00:00,8,2,5.5,0.1,227,0,0,1,3,0,0,0,1,0,0,0,40,26.8,36.1,3.0,6.6,2.7,0,0.5,1.5,2.7,3880,2397,278,281,0.0,0.0,0.0,0.0,0.07,0.05,0.12,4.39,3,1,10,15,26,10.31,,146,54,56,43,212,102,131,67,3.0,,,,,,0.02,0.0,0.03,0.05,1.74,1.19,183,112,133,57,154,66,453,180,1.19,0.4
499,Pedro,Porro Sauceda,Pedro Pedro Porro,Spurs,DEF,2026-09-06 15:09:00.155543+00:00,8,7,5.5,11.5,180,0,0,1,2,0,0,0,0,0,0,1,29,9.4,7.9,21.0,3.8,2.7,0,0.5,1.5,4.0,79915,559829,10951,14126,0.0,0.0,0.0,0.0,0.16,0.36,0.52,1.64,2,2,6,5,8,4.0,,236,96,196,63,87,22,200,77,3.0,,1.0,,,,0.18,0.0,0.08,0.26,0.82,1.0,157,19,129,52,83,36,35,13,1.0,0.5
558,Xaver,Schlager,Xaver Schlager,Nott'm Forest,MID,2026-09-06 15:09:00.155543+00:00,8,3,5.0,0.1,196,0,0,1,3,0,0,0,0,0,0,0,36,21.8,1.7,9.0,3.3,2.7,0,0.5,1.6,2.7,1795,2686,218,222,0.0,0.0,0.0,0.0,0.06,0.08,0.14,2.94,2,9,6,11,26,11.94,,169,62,260,135,154,76,212,94,3.0,,,,,,0.04,0.0,0.03,0.07,1.35,1.38,265,164,122,49,146,60,425,169,0.92,0.46
267,Saša,Lukić,Saša Lukić,Ipswich Town,MID,2026-09-06 15:09:00.155543+00:00,8,2,5.0,0.1,252,0,1,0,7,0,0,0,1,0,0,0,46,40.8,26.7,4.0,7.1,2.7,0,0.5,1.6,2.7,2170,3431,183,280,0.0,0.0,0.0,0.0,0.06,0.02,0.08,5.26,3,5,10,6,21,7.5,,88,31,93,58,199,96,121,61,4.0,,,,,,0.01,0.0,0.02,0.03,1.88,2.5,270,168,123,50,147,61,411,159,1.07,0.0
445,Malick,Thiaw,Malick Thiaw,Newcastle,DEF,2026-09-06 15:09:00.155543+00:00,8,-1,5.0,2.2,270,0,0,1,4,1,0,0,0,0,0,0,25,44.6,1.7,0.0,4.6,2.7,0,0.5,1.6,2.7,101474,51444,9439,8583,0.0,0.0,0.0,0.0,0.07,0.0,0.07,5.47,3,0,21,6,21,7.0,,74,29,261,90,514,199,182,68,,,,,,,0.0,0.0,0.02,0.02,1.82,1.33,308,54,124,51,148,59,121,48,1.0,0.33
247,Hayden,Hackney,Hayden Hackney,Everton,MID,2026-09-06 15:09:00.155543+00:00,8,4,5.5,0.2,121,0,1,1,1,0,0,0,0,0,0,0,33,16.4,13.6,7.0,3.7,2.7,0,0.5,1.5,2.7,1518,7331,175,415,0.0,0.0,0.0,0.0,0.11,0.05,0.16,3.48,1,3,3,5,11,8.18,,199,78,156,93,178,88,204,90,3.0,,,,,,0.04,0.0,0.08,0.12,2.59,0.74,149,90,128,53,151,63,337,123,0.74,0.74
138,Charalampos,Kostoulas,Charalampos Kostoulas,Brighton,FWD,2026-09-06 15:09:00.155543+00:00,8,2,5.5,0.5,195,0,1,0,5,0,0,0,0,0,0,0,25,5.0,15.5,27.0,4.6,2.7,0,0.5,1.5,2.7,33921,9402,2804,1133,0.0,0.0,0.0,0.0,0.04,0.78,0.82,5.48,2,2,3,11,16,7.38,,276,25,145,14,71,16,184,21,,,,,,,0.36,0.0,0.02,0.38,2.53,2.31,194,45,134,12,155,17,253,42,0.92,0.0
26,Kai,Havertz,Kai Havertz,Arsenal,FWD,2026-09-06 15:09:00.155543+00:00,8,0,7.5,6.7,180,1,0,2,0,0,0,0,0,0,0,0,39,39.6,16.6,48.0,10.4,2.7,0,0.4,1.1,4.0,271140,198234,11013,18020,0.0,0.0,0.0,0.0,0.06,0.28,0.34,0.53,2,0,2,5,7,3.5,,94,8,140,13,36,11,65,9,,,,,,,0.14,0.0,0.03,0.17,0.26,0.0,16,6,139,13,91,11,61,8,1.0,1.0
315,Abdul,Fatawu,Abdul Fatawu,Ipswich Town,MID,2026-09-06 15:09:00.155543+00:00,8,2,5.5,0.2,225,0,1,0,8,0,0,0,1,0,0,0,61,45.2,70.7,10.0,12.6,2.7,0,0.5,1.5,2.7,3226,6259,530,516,0.0,0.0,0.0,0.0,0.78,0.03,0.81,5.91,3,7,4,6,17,6.8,,73,29,13,13,149,73,40,30,6.0,,,,,,0.01,0.0,0.31,0.32,2.36,3.2,178,109,132,56,153,65,335,121,1.2,0.0
210,Adam,Wharton,Adam Wharton,Crystal Palace,MID,2026-09-06 15:09:00.155543+00:00,8,2,5.5,0.9,270,0,0,0,8,0,0,0,0,0,0,0,51,33.0,55.6,0.0,8.9,2.7,0,0.5,1.5,2.7,18747,23458,1961,1938,0.0,0.0,0.0,0.0,0.32,0.0,0.32,6.47,3,7,11,11,29,9.67,,126,47,24,21,606,259,81,46,2.0,,,,,,0.0,0.0,0.11,0.11,2.16,2.67,174,106,131,55,152,64,204,64,1.0,0.0
161,Roméo,Lavia,Roméo Lavia,Chelsea,MID,2026-09-06 15:09:00.155543+00:00,8,0,5.0,0.2,131,1,0,0,4,0,0,0,1,0,0,0,40,52.6,22.7,66.0,14.2,2.7,0,0.5,1.6,4.0,16800,5293,1903,616,0.0,0.0,0.0,0.0,0.03,0.75,0.78,2.31,2,4,5,7,16,10.99,,48,24,114,70,15,9,28,22,,,,,,,0.52,0.0,0.02,0.54,1.59,2.75,339,202,125,51,80,36,336,122,1.37,0.0
516,Rodrigo,Bentancur,Rodrigo Bentancur,Spurs,MID,2026-09-06 15:09:00.155543+00:00,8,5,5.5,0.2,225,0,0,1,3,0,0,0,0,0,0,0,39,17.4,21.8,0.0,4.0,2.7,0,0.5,1.5,2.7,1679,4919,246,268,0.0,0.0,0.0,0.0,0.04,0.02,0.06,3.82,2,6,14,13,33,13.2,,193,75,118,72,593,248,193,87,,,,,,,0.01,0.0,0.02,0.03,1.53,1.2,138,84,127,52,150,62,349,129,0.8,0.4
43,Youri,Tielemans,Youri Tielemans,Man Utd,MID,2026-09-06 15:09:00.155543+00:00,8,2,5.9,1.9,246,0,0,0,6,0,0,0,0,0,0,0,56,38.2,57.6,24.0,12.0,2.7,0,0.5,1.4,2.7,27737,93478,2340,6266,-0.1,0.1,0.0,0.0,0.28,0.56,0.84,4.01,3,2,6,17,25,9.15,,102,37,22,19,79,45,44,32,,,,,3.0,,0.2,0.0,0.1,0.3,1.47,2.2,90,58,135,58,156,67,130,40,1.1,0.0
13,Declan,Rice,Declan Rice,Arsenal,MID,2026-09-06 15:09:00.155543+00:00,8,0,7.4,14.0,151,0,0,2,0,0,0,0,0,0,0,0,29,30.8,34.0,2.0,6.7,2.7,0,0.4,1.1,4.0,62104,434382,4832,27769,-0.1,0.1,-0.1,0.1,0.18,0.07,0.25,0.39,2,3,5,10,18,10.73,,134,49,67,46,246,120,128,64,1.0,,1.0,,,,0.04,0.0,0.11,0.15,0.23,0.0,19,11,138,61,90,40,29,11,1.19,1.19
481,Elliot,Anderson,Elliot Anderson,Man City,MID,2026-09-06 15:09:00.155543+00:00,8,3,6.4,4.9,233,0,0,1,2,0,0,0,1,0,0,0,62,32.2,41.0,13.0,8.6,2.7,0,0.4,1.2,2.7,55796,303611,4440,17387,-0.1,0.1,0.0,0.0,0.64,0.09,0.73,2.58,3,8,9,14,31,11.97,,129,48,48,38,127,64,87,49,2.0,,,,,,0.03,0.0,0.25,0.28,1.0,0.77,49,34,136,59,157,68,77,25,1.16,0.39
36,Ian,Maatsen,Ian Maatsen,Aston Villa,DEF,2026-09-06 15:09:00.155543+00:00,8,7,4.5,0.8,245,0,0,1,5,0,0,0,1,0,0,1,15,14.0,1.3,15.0,3.0,2.7,0,0.6,1.8,2.7,15561,18624,1723,1141,0.0,0.0,0.0,0.0,0.42,0.1,0.52,4.88,3,6,14,4,20,7.35,,212,89,271,97,112,33,217,84,,,,,,,0.04,0.0,0.15,0.19,1.79,1.84,490,124,121,50,145,58,222,82,1.1,0.37
156,Pedro,Lomba Neto,Pedro Neto,Chelsea,MID,2026-09-06 15:09:00.155543+00:00,8,0,6.5,1.3,81,1,0,0,2,0,0,0,0,0,0,0,41,50.4,29.7,42.0,12.2,2.7,0,0.4,1.2,4.0,31990,45319,4477,2378,0.0,0.0,0.0,0.0,0.4,0.44,0.84,1.48,1,1,3,4,8,8.89,,53,27,83,51,43,26,42,31,2.0,,4.0,,,,0.49,0.0,0.44,0.93,1.64,2.22,37,25,137,60,89,39,159,49,1.11,0.0
224,Eddie,Nketiah,Eddie Nketiah,Crystal Palace,FWD,2026-09-06 15:09:00.155543+00:00,7,4,5.5,0.6,167,0,1,0,7,0,0,0,0,0,0,0,36,13.0,35.1,31.0,7.9,2.3,0,0.4,1.3,2.3,20373,15380,5236,1316,0.0,0.0,0.0,0.0,0.58,1.1,1.68,4.45,3,4,2,5,11,5.93,,216,19,62,3,63,14,103,14,,,,,,,0.59,0.0,0.31,0.9,2.4,3.77,140,36,157,14,176,19,243,40,1.62,0.0
33,Tyrone,Mings,Tyrone Mings,Aston Villa,DEF,2026-09-06 15:09:00.155543+00:00,7,6,4.5,0.4,106,0,0,1,0,0,0,0,0,0,0,0,33,2.0,0.0,0.0,0.2,2.3,0,0.5,1.6,3.5,6444,8867,569,524,0.0,0.0,0.0,0.0,0.02,0.11,0.13,0.79,1,2,4,2,6,5.09,,311,116,403,160,337,142,332,119,,,,,,,0.09,0.0,0.02,0.11,0.67,0.0,442,87,145,57,105,39,278,103,0.85,0.85
264,Oscar,Bobb,Oscar Bobb,Fulham,MID,2026-09-06 15:09:00.155543+00:00,7,2,5.5,0.3,211,0,0,1,6,0,0,0,0,0,0,0,35,16.8,26.2,12.0,5.5,2.3,0,0.4,1.3,2.3,9813,10164,658,1172,0.0,0.0,0.0,0.0,0.92,0.32,1.24,4.44,3,5,2,8,15,6.4,,198,77,97,60,132,67,154,73,2.0,,,,,,0.14,0.0,0.39,0.53,1.89,2.56,169,103,159,69,178,77,286,95,1.28,0.43
32,Matty,Cash,Matty Cash,Aston Villa,DEF,2026-09-06 15:09:00.155543+00:00,7,6,4.5,6.9,251,0,0,1,5,0,0,0,1,0,0,0,23,26.0,2.9,7.0,3.6,2.3,0,0.5,1.6,2.3,74547,193356,5941,9722,0.0,0.0,0.0,0.0,0.04,0.15,0.19,5.03,3,6,8,2,14,5.02,,149,67,230,73,165,57,206,80,1.0,,,,,,0.05,0.0,0.01,0.06,1.8,1.79,457,99,146,58,166,65,59,24,1.08,0.36
643,Ben,Chilwell,Ben Chilwell,Crystal Palace,DEF,2026-09-06 15:09:00.155543+00:00,7,7,4.5,0.1,16,1,0,0,0,0,0,0,0,0,0,0,20,0.0,0.0,0.0,0.0,7.0,0,1.6,1.6,7.0,6565,577,5802,493,0.0,0.0,0.0,0.0,0.0,0.15,0.15,0.57,0,0,0,0,0,0.0,,413,164,408,163,342,145,423,164,,,,,,,0.84,0.0,0.0,0.84,3.21,0.0,450,93,14,7,20,9,381,141,0.0,0.0
514,Mathys,Tel,Mathys Tel,Spurs,MID,2026-09-06 15:09:00.155543+00:00,7,3,5.9,0.3,230,0,0,1,4,0,0,0,0,0,0,0,38,14.2,29.3,43.0,8.6,2.3,0,0.4,1.2,2.3,6543,31803,320,1585,-0.1,0.1,0.0,0.0,0.14,0.2,0.34,5.11,3,1,1,11,13,5.09,,211,85,86,54,38,22,86,48,5.0,,4.0,,,,0.08,0.0,0.05,0.13,2.0,1.57,108,69,161,71,180,79,298,103,1.17,0.39
506,Destiny,Udogie,Destiny Udogie,Spurs,DEF,2026-09-06 15:09:00.155543+00:00,7,5,4.5,0.4,86,0,0,1,1,0,0,0,1,0,0,0,21,5.2,12.2,2.0,1.9,2.3,0,0.5,1.6,2.3,3150,12121,338,642,0.0,0.0,0.0,0.0,0.23,0.0,0.23,1.17,1,1,3,4,4,4.19,,267,102,168,51,222,83,260,96,,,,,,,0.0,0.0,0.24,0.24,1.22,1.05,504,131,148,60,168,67,268,98,1.05,1.05
649,Ainsley,Maitland-Niles,Ainsley Maitland-Niles,Everton,DEF,2026-09-06 15:09:00.155543+00:00,7,7,4.5,0.0,13,1,0,0,1,0,0,0,0,0,0,0,13,0.0,0.0,0.0,0.0,7.0,0,1.6,1.6,7.0,1063,195,504,67,0.0,0.0,0.0,0.0,0.0,0.03,0.03,0.28,0,0,0,0,0,0.0,,410,162,405,161,339,143,420,162,,,,,,,0.21,0.0,0.0,0.21,1.94,6.92,444,88,13,6,19,8,612,205,0.0,0.0
486,James,McAtee,James McAtee,Nott'm Forest,MID,2026-09-06 15:09:00.155543+00:00,7,2,5.5,0.1,253,0,0,2,2,0,0,0,1,0,0,0,56,19.8,61.0,0.0,8.1,2.3,0,0.4,1.3,2.3,4504,2245,437,242,0.0,0.0,0.0,0.0,0.54,0.13,0.67,3.15,3,5,4,14,23,8.18,,176,68,17,16,600,253,97,50,1.0,,,,,,0.05,0.0,0.19,0.24,1.12,0.71,152,92,158,68,177,76,452,179,1.07,0.71
200,Maxence,Lacroix,Maxence Lacroix,Chelsea,DEF,2026-09-06 15:09:00.155543+00:00,7,0,6.0,8.3,180,0,1,0,5,0,0,0,0,0,0,0,22,57.2,11.3,8.0,7.6,2.3,0,0.4,1.2,3.5,107155,208662,10754,13645,0.0,0.0,0.0,0.0,0.2,0.02,0.22,2.74,2,6,15,3,21,10.5,,38,13,177,56,162,55,110,38,,,,,,,0.01,0.0,0.1,0.11,1.37,2.5,71,7,164,64,107,41,53,20,1.0,0.0
41,Emiliano,Buendía Stati,Emiliano Buendía,Aston Villa,MID,2026-09-06 15:09:00.155543+00:00,7,3,6.0,1.1,249,0,0,1,5,0,0,0,0,0,0,0,15,5.0,29.5,17.0,4.9,2.3,0,0.4,1.2,2.3,27576,50185,1958,4182,0.0,0.0,0.0,0.0,0.16,0.78,0.94,4.88,3,2,3,9,14,5.06,,277,127,85,53,105,54,176,84,3.0,,1.0,,1.0,,0.28,0.0,0.06,0.34,1.76,1.81,63,43,162,72,181,80,186,57,1.08,0.36
304,Dara,O'Shea,Dara O'Shea,Ipswich Town,DEF,2026-09-06 15:09:00.155543+00:00,7,3,4.0,3.2,270,0,0,0,8,0,0,0,0,0,0,0,7,48.0,25.3,11.0,8.4,2.3,0,0.6,1.8,2.3,40538,57231,2727,6054,0.0,0.0,0.0,0.0,0.18,0.07,0.25,6.12,3,5,25,11,30,10.0,,64,26,102,31,135,43,88,27,,,,,,,0.02,0.0,0.06,0.08,2.04,2.67,603,173,141,53,163,62,101,39,1.0,0.0
566,António João,Pereira de Albuquerque Tavares da Silva,António João Silva,Bournemouth,DEF,2026-09-06 15:09:00.155543+00:00,7,1,5.0,0.4,270,0,0,0,5,0,0,0,1,0,0,0,24,50.0,2.1,13.0,6.5,2.3,0,0.5,1.4,2.3,17873,9778,786,914,0.0,0.0,0.0,0.0,0.04,0.27,0.31,4.8,3,3,28,7,31,10.33,,56,19,245,82,123,38,134,48,,,,,,,0.09,0.0,0.01,0.1,1.6,1.67,315,57,156,63,175,69,269,99,1.0,0.0
371,Ryan,Gravenberch,Ryan Gravenberch,Liverpool,MID,2026-09-06 15:09:00.155543+00:00,7,1,5.9,1.5,122,0,1,0,2,0,0,0,0,0,0,0,35,28.8,28.1,4.0,6.1,2.3,0,0.4,1.2,2.3,27079,71719,1300,11566,-0.1,0.1,-0.1,0.1,0.06,0.06,0.12,1.34,1,2,3,9,14,10.33,,137,50,88,55,207,100,144,70,,,,,,,0.04,0.0,0.04,0.08,0.99,1.48,100,64,160,70,179,78,146,43,0.74,0.0
71,Lewis,Cook,Lewis Cook,Bournemouth,MID,2026-09-06 15:09:00.155543+00:00,7,1,5.0,0.2,157,0,0,2,1,0,0,0,0,0,0,0,23,8.4,14.9,0.0,2.4,2.3,0,0.5,1.4,2.3,10529,6297,670,747,0.0,0.0,0.0,0.0,0.01,0.0,0.01,3.84,2,1,4,5,10,5.73,,242,102,148,89,480,181,238,106,5.0,,,,,,0.0,0.0,0.01,0.01,2.2,0.57,252,155,153,66,173,74,332,119,1.15,1.15
329,Joe,Rodon,Joe Rodon,Leeds,DEF,2026-09-06 15:09:00.155543+00:00,7,0,4.4,2.0,123,0,0,1,0,0,0,0,0,0,0,0,25,23.0,14.7,7.0,4.5,2.3,0,0.5,1.6,3.5,26715,166529,45,26328,-0.1,0.1,-0.1,0.1,0.06,0.03,0.09,1.01,2,1,10,2,11,8.05,Hamstring injury - Expected back 21 Nov,164,76,151,46,164,56,185,69,,,,,,,0.02,0.0,0.04,0.06,0.74,0.0,570,154,143,55,104,38,128,53,1.46,0.73
70,Justin,Kluivert,Justin Kluivert,Bournemouth,MID,2026-09-06 15:09:00.155543+00:00,7,1,6.0,1.1,229,0,0,2,1,0,0,0,1,0,0,0,33,22.2,41.2,74.0,13.7,2.3,0,0.4,1.2,2.3,28931,37725,1780,4613,0.0,0.0,0.0,0.0,0.06,0.78,0.84,4.09,3,4,1,13,18,7.07,,168,61,47,37,11,7,32,25,3.0,,2.0,,2.0,,0.31,0.0,0.02,0.33,1.61,0.39,67,46,163,73,182,81,187,58,1.18,0.79
114,Olivier,Boscagli,Olivier Boscagli,Brighton,DEF,2026-09-06 15:09:00.155543+00:00,7,2,4.5,0.3,270,0,0,1,5,0,0,0,1,0,0,0,44,32.0,33.9,17.0,8.3,2.3,0,0.5,1.6,2.3,10850,6067,454,513,0.0,0.0,0.0,0.0,0.48,0.05,0.53,5.71,3,1,12,10,13,4.33,,130,58,68,16,99,28,91,29,,,,,,,0.02,0.0,0.16,0.18,1.9,1.67,459,100,147,59,167,66,301,111,1.0,0.33
423,Luke,Shaw,Luke Shaw,Man Utd,DEF,2026-09-06 15:09:00.155543+00:00,7,4,4.5,15.2,252,0,1,0,4,0,0,0,1,0,0,0,47,43.6,60.8,10.0,11.4,2.3,0,0.5,1.6,2.3,76967,516697,3581,65718,0.0,0.0,0.0,0.0,0.52,0.02,0.54,3.01,3,6,14,6,20,7.14,,75,30,18,2,147,47,50,9,3.0,,,,,,0.01,0.0,0.19,0.2,1.08,1.43,434,85,144,56,165,64,27,9,1.07,0.0
439,Benjamin,Sesko,Benjamin Šeško,Man Utd,FWD,2026-09-06 15:09:00.155543+00:00,7,5,7.0,1.6,53,1,0,0,3,0,0,0,0,0,0,0,35,2.2,11.0,11.0,2.4,2.3,0,0.3,1.0,2.3,49551,70312,3416,6686,0.0,0.0,0.0,0.0,0.01,0.32,0.33,1.43,0,0,0,3,3,5.09,,310,34,180,20,146,28,242,28,,,,,,,0.54,0.0,0.02,0.56,2.43,5.09,29,10,165,15,183,20,144,22,0.0,0.0
418,Harry,Maguire,Harry Maguire,Man Utd,DEF,2026-09-06 15:09:00.155543+00:00,7,2,5.0,13.8,270,0,1,0,6,0,0,0,1,0,0,0,29,32.6,30.1,25.0,8.8,2.3,0,0.5,1.4,2.3,107804,446792,5071,49768,0.0,0.0,0.0,0.0,0.42,0.07,0.49,4.08,3,1,20,11,21,7.0,,128,57,81,24,74,17,83,24,,,,,,,0.02,0.0,0.14,0.16,1.36,2.0,242,36,152,61,172,68,30,10,1.0,0.0
130,Mats,Wieffer,Mats Wieffer,Brighton,DEF,2026-09-06 15:09:00.155543+00:00,7,0,5.0,0.4,156,0,0,1,4,0,0,0,0,0,0,1,38,37.0,35.5,10.0,8.3,2.3,0,0.5,1.4,3.5,25814,21919,24,6027,0.0,0.0,0.0,0.0,0.13,0.12,0.25,3.18,2,4,11,9,15,8.65,Knee injury - Unknown return date,110,49,60,14,148,48,93,31,,,,,,,0.07,0.0,0.08,0.15,1.83,2.31,309,55,155,62,106,40,275,101,1.15,0.58
259,Issa,Diop,Issa Diop,Ipswich Town,DEF,2026-09-06 15:09:00.155543+00:00,7,3,4.0,15.3,270,0,0,0,8,0,0,0,0,0,0,0,24,48.0,1.1,2.0,5.1,2.3,0,0.6,1.8,2.3,77215,219148,7188,23074,0.0,0.0,0.0,0.0,0.02,0.0,0.02,6.12,3,3,25,12,28,9.33,,65,27,278,99,217,79,168,61,,,,,,,0.0,0.0,0.01,0.01,2.04,2.67,604,174,142,54,164,63,26,8,1.0,0.0
456,Jacob,Ramsey,Jacob J.Ramsey,Newcastle,MID,2026-09-06 15:09:00.155543+00:00,7,6,4.9,0.3,69,1,0,0,1,0,0,0,1,0,0,0,26,8.0,5.5,4.0,1.7,2.3,0,0.5,1.4,2.3,5864,12076,2623,844,-0.1,0.1,-0.1,0.1,0.16,0.17,0.33,1.92,0,2,3,6,11,14.35,,246,105,205,112,198,95,270,120,,,,,,,0.22,0.0,0.21,0.43,2.5,1.3,392,238,150,64,170,72,289,97,0.0,0.0
46,Ross,Barkley,Ross Barkley,Aston Villa,MID,2026-09-06 15:09:00.155543+00:00,7,3,5.0,0.3,240,0,0,1,5,0,0,0,0,0,0,0,49,22.2,44.7,9.0,7.6,2.3,0,0.5,1.4,2.3,8624,7367,1005,642,0.0,0.0,0.0,0.0,0.13,0.35,0.48,5.16,3,3,4,10,17,6.38,,166,59,42,34,153,75,107,55,4.0,,,,,,0.13,0.0,0.05,0.18,1.94,1.88,241,151,151,65,171,73,308,107,1.12,0.38
47,Boubacar,Kamara,Boubacar Kamara,Aston Villa,MID,2026-09-06 15:09:00.155543+00:00,7,3,5.0,0.3,270,0,0,1,5,0,0,0,0,0,0,0,42,21.8,17.0,0.0,3.9,2.3,0,0.5,1.4,2.3,8463,11448,913,928,0.0,0.0,0.0,0.0,0.1,0.0,0.1,5.38,3,4,9,12,25,8.33,,170,63,137,83,495,189,196,88,,,,,,,0.0,0.0,0.03,0.03,1.79,1.67,283,172,154,67,174,75,282,94,1.0,0.33
51,George,Hemmings,George George Hemmings,Aston Villa,MID,2026-09-06 15:09:00.155543+00:00,7,3,4.5,1.0,234,0,0,1,5,0,0,0,0,0,0,0,29,12.4,15.9,2.0,3.0,2.3,0,0.5,1.6,2.3,54212,22978,9064,3059,0.0,0.0,0.0,0.0,0.15,0.07,0.22,5.0,3,6,2,10,18,6.92,,222,91,144,86,224,106,218,96,,,,,,,0.03,0.0,0.06,0.09,1.92,1.92,543,277,149,63,169,71,190,59,1.15,0.38
250,Bernd,Leno,Bernd Leno,Fulham,GKP,2026-09-06 15:09:00.155543+00:00,6,1,4.5,3.1,270,0,0,0,7,0,0,0,0,0,8,0,30,48.8,0.0,0.0,4.9,2.0,0,0.4,1.3,2.0,58725,44383,4991,5777,0.0,0.0,0.0,0.0,0.0,0.0,0.0,6.23,3,0,3,25,0,0.0,,62,8,393,27,325,26,174,9,,,,,,,0.0,2.67,0.0,0.0,2.08,2.33,427,25,167,14,185,14,103,18,1.0,0.0
175,Milan,van Ewijk,Milan van Ewijk,Coventry City,DEF,2026-09-06 15:09:00.155543+00:00,6,3,4.0,11.6,270,0,0,0,5,0,0,0,1,0,0,0,12,26.0,35.9,8.0,7.0,2.0,0,0.5,1.5,2.0,83202,196296,7039,24471,0.0,0.0,0.0,0.0,0.26,0.0,0.26,4.72,3,5,15,10,20,6.67,,148,66,58,13,157,52,123,44,,,,,,,0.0,0.0,0.09,0.09,1.57,1.67,616,182,166,65,184,70,33,11,1.0,0.0
183,Jack,Rudoni,Jack Rudoni,Coventry City,MID,2026-09-06 15:09:00.155543+00:00,6,2,5.0,0.1,152,0,0,1,1,0,0,0,0,0,0,0,24,12.4,31.5,21.0,6.5,2.0,0,0.4,1.2,2.0,2145,4193,189,325,0.0,0.0,0.0,0.0,0.18,0.5,0.68,1.48,2,3,3,10,16,9.47,,223,92,76,49,83,46,133,68,4.0,,1.0,,,,0.3,0.0,0.11,0.41,0.88,0.59,313,187,179,79,205,88,409,157,1.18,0.59
184,Matt,Grimes,Matt Grimes,Coventry City,MID,2026-09-06 15:09:00.155543+00:00,6,2,5.0,0.2,270,0,0,0,5,0,0,0,0,0,0,0,36,27.6,24.6,2.0,5.4,2.0,0,0.4,1.2,2.0,2894,6067,123,527,0.0,0.0,0.0,0.0,0.05,0.05,0.1,4.72,3,5,8,12,25,8.33,,144,52,107,64,227,108,157,74,1.0,,,,3.0,,0.02,0.0,0.02,0.04,1.57,1.67,255,158,175,75,200,84,358,132,1.0,0.0
552,Brian,Brobbey,Brian Brobbey,Sunderland,FWD,2026-09-06 15:09:00.155543+00:00,6,2,5.9,8.7,219,0,0,1,2,0,0,0,0,0,0,0,17,0.0,4.3,15.0,1.8,2.0,0,0.3,1.0,2.0,70234,522069,4681,53425,-0.1,0.1,0.0,0.0,0.06,0.59,0.65,3.48,3,0,1,6,7,2.88,,627,72,216,29,118,23,265,31,,,,,,,0.24,0.0,0.02,0.26,1.43,0.82,99,26,192,17,219,22,48,7,1.23,0.41
545,Noah,Sadiki,Noah Sadiki,Sunderland,MID,2026-09-06 15:09:00.155543+00:00,6,1,5.0,0.3,253,0,0,1,3,0,0,0,1,0,0,0,55,33.0,39.9,31.0,10.4,2.0,0,0.4,1.2,2.0,3259,9349,207,902,0.0,0.0,0.0,0.0,0.23,0.36,0.59,3.57,3,3,6,7,16,5.69,,125,46,51,40,61,36,64,40,,,,,,,0.13,0.0,0.08,0.21,1.27,1.07,360,219,183,82,209,91,304,105,1.07,0.36
358,Milos,Kerkez,Milos Kerkez,Liverpool,DEF,2026-09-06 15:09:00.155543+00:00,6,5,5.5,2.9,250,0,0,1,4,0,0,0,2,0,0,0,35,42.0,26.6,12.0,8.1,2.0,0,0.4,1.1,2.0,32159,107198,2515,7760,0.0,0.0,0.0,0.0,0.06,0.02,0.08,4.56,3,6,14,8,20,7.2,,84,37,94,29,134,42,98,35,,,,,,,0.01,0.0,0.02,0.03,1.64,1.44,182,24,190,71,216,82,108,43,1.08,0.36
336,Noah,Okafor,Noah Okafor,Leeds,MID,2026-09-06 15:09:00.155543+00:00,6,3,5.9,0.3,153,0,0,1,1,0,0,0,0,0,0,0,30,16.4,21.5,14.0,5.2,2.0,0,0.3,1.0,2.0,4334,21226,460,1167,-0.1,0.1,0.0,0.0,0.18,0.08,0.26,1.11,2,3,2,2,7,4.12,,200,79,120,74,122,62,167,81,,,,,,,0.05,0.0,0.11,0.16,0.65,0.59,97,62,191,88,218,97,290,98,1.18,0.59
576,Elliot,Stroud,Elliot Stroud,Hull City,MID,2026-09-06 15:09:00.155543+00:00,6,3,5.0,0.1,190,0,0,2,0,0,0,0,1,0,0,0,14,8.4,9.1,7.0,2.2,2.0,0,0.4,1.2,2.0,2329,2466,129,183,0.0,0.0,0.0,0.0,0.05,0.05,0.1,4.06,3,3,3,9,15,7.11,,243,103,189,105,173,84,247,111,,,,,,,0.02,0.0,0.02,0.04,1.92,0.0,364,222,184,83,210,92,440,174,1.42,0.95
502,Andrew,Robertson,Andrew Robertson,Spurs,DEF,2026-09-06 15:09:00.155543+00:00,6,1,4.5,3.1,186,0,0,0,4,0,0,0,0,0,0,0,23,43.0,36.0,27.0,10.6,2.0,0,0.4,1.3,2.0,37137,97533,1261,12884,0.0,0.0,0.0,0.0,0.08,0.06,0.14,4.78,2,3,12,5,15,7.26,,81,35,57,12,69,14,61,14,1.0,,,,,,0.03,0.0,0.04,0.07,2.31,1.94,440,86,168,66,187,71,102,40,0.97,0.0
588,Anan,Khalaili,Anan Khalaili,Crystal Palace,DEF,2026-09-06 15:09:00.155543+00:00,6,3,5.0,0.1,199,0,0,0,5,0,0,0,1,0,0,0,27,50.4,28.0,7.0,8.6,2.0,0,0.4,1.2,2.0,5874,2807,1364,431,0.0,0.0,0.0,0.0,0.17,0.74,0.91,5.42,2,17,16,11,33,14.92,,52,16,89,27,172,60,85,26,,,,,,,0.33,0.0,0.08,0.41,2.45,2.26,358,63,182,69,208,80,374,138,0.9,0.0
564,Kjell,Scherpen,Kjell Scherpen,Ipswich Town,GKP,2026-09-06 15:09:00.155543+00:00,6,2,4.5,0.6,270,0,0,0,8,0,0,0,0,0,13,0,34,60.8,0.0,0.0,6.0,2.0,0,0.4,1.3,2.0,6885,11646,1157,913,0.0,0.0,0.0,0.0,0.01,0.0,0.01,6.12,3,0,5,30,0,0.0,,28,4,420,39,357,38,145,5,,,,,,,0.0,4.33,0.0,0.0,2.04,2.67,476,37,171,15,192,15,240,32,1.0,0.0
562,Daizen,Maeda,Daizen Maeda,Ipswich Town,MID,2026-09-06 15:09:00.155543+00:00,6,2,5.4,0.3,216,0,0,0,7,0,0,0,0,0,0,0,26,20.6,2.8,26.0,4.9,2.0,0,0.4,1.1,2.0,1877,10801,234,920,-0.1,0.1,-0.1,0.1,0.01,0.71,0.72,5.16,3,7,8,4,19,7.92,,174,66,231,125,72,41,175,83,,,,,,,0.3,0.0,0.0,0.3,2.15,2.92,213,133,185,84,211,93,293,101,1.25,0.0
320,Chuba,Akpom,Chuba Akpom,Ipswich Town,FWD,2026-09-06 15:09:00.155543+00:00,6,0,5.0,1.1,69,1,0,0,4,0,0,0,0,0,0,0,33,34.6,1.7,19.0,5.5,2.0,0,0.4,1.2,3.0,76421,26951,9142,3481,0.0,0.0,0.0,0.0,0.0,0.97,0.97,4.04,0,1,0,2,3,3.91,,119,10,259,35,92,20,153,17,,,,,,,1.27,0.0,0.0,1.27,5.27,5.22,249,51,174,16,129,15,182,28,0.0,0.0
261,Alex,Iwobi,Alex Iwobi,Fulham,MID,2026-09-06 15:09:00.155543+00:00,6,2,5.5,0.8,262,0,0,0,7,0,0,0,0,0,0,0,52,24.4,46.8,2.0,7.4,2.0,0,0.4,1.1,2.0,14065,29231,616,2964,0.0,0.0,0.0,0.0,0.7,0.05,0.75,6.23,3,3,4,11,18,6.18,,158,57,37,30,241,117,114,58,1.0,,1.0,,3.0,,0.02,0.0,0.24,0.26,2.14,2.4,126,80,186,85,213,95,211,67,1.03,0.0
473,Ola,Aina,Ola Aina,Nott'm Forest,DEF,2026-09-06 15:09:00.155543+00:00,6,1,4.5,3.0,216,0,0,1,2,0,0,0,2,0,0,0,34,27.8,51.1,15.0,9.4,2.0,0,0.4,1.3,2.0,40390,83881,2012,10034,0.0,0.0,0.0,0.0,0.52,0.04,0.56,2.9,3,7,7,12,14,5.83,,143,64,31,6,111,32,74,20,,,,,,,0.02,0.0,0.22,0.24,1.21,0.83,445,89,169,67,188,72,104,41,1.25,0.42
429,Marcus,Rashford,Marcus Rashford,Man Utd,MID,2026-09-06 15:09:00.155543+00:00,6,3,7.0,1.6,193,0,0,1,1,0,0,0,0,0,0,0,37,27.6,82.9,62.0,17.2,2.0,0,0.3,0.9,2.0,42021,64679,4146,4746,0.0,0.0,0.0,0.0,0.21,0.26,0.47,1.8,2,3,1,8,12,5.6,,145,53,8,8,21,12,17,13,,,3.0,,,,0.12,0.0,0.1,0.22,0.84,0.47,25,16,195,91,225,100,142,42,0.93,0.47
309,Marcelino,Núñez,Marcelino Núñez,Ipswich Town,MID,2026-09-06 15:09:00.155543+00:00,6,0,5.0,0.1,140,0,0,0,4,0,0,0,0,0,0,0,32,24.6,19.4,6.0,5.0,2.0,0,0.4,1.2,3.0,2391,3788,88,410,0.0,0.0,0.0,0.0,0.05,0.03,0.08,3.48,2,3,8,10,21,13.5,,155,56,129,78,188,92,170,82,1.0,,1.0,,,,0.02,0.0,0.03,0.05,2.24,2.57,333,198,180,80,133,53,393,146,1.29,0.0
246,Merlin,Röhl,Merlin Röhl,Everton,MID,2026-09-06 15:09:00.155543+00:00,6,1,5.0,0.1,249,0,0,1,2,0,0,0,1,0,0,0,35,22.2,15.3,2.0,4.0,2.0,0,0.4,1.2,2.0,1224,1973,126,170,0.0,0.0,0.0,0.0,0.2,0.0,0.2,4.56,3,5,6,13,24,8.67,,167,60,146,87,234,111,192,86,,,,,,,0.0,0.0,0.07,0.07,1.65,0.72,337,200,181,81,206,89,495,199,1.08,0.36
345,Tanaka,Ao,Tanaka Tanaka,Leeds,MID,2026-09-06 15:09:00.155543+00:00,6,5,4.9,0.2,117,0,1,0,1,0,0,0,0,0,0,0,24,20.0,1.8,0.0,2.2,2.0,0,0.4,1.2,3.0,5731,9260,1366,526,-0.1,0.1,0.0,0.0,0.02,0.53,0.55,2.0,1,5,8,6,19,14.62,,175,67,253,133,448,161,246,110,4.0,,,,,,0.41,0.0,0.02,0.43,1.54,0.77,393,239,173,74,127,51,331,118,0.77,0.0
287,Liam,Millar,Liam Millar,Hull City,MID,2026-09-06 15:09:00.155543+00:00,6,0,5.0,0.1,50,1,0,0,0,0,0,0,1,0,0,0,26,36.0,1.1,15.0,5.2,2.0,0,0.4,1.2,3.0,3178,4591,0,871,0.0,0.0,0.0,0.0,0.0,0.58,0.58,0.87,0,1,2,1,4,7.2,Has joined Birmingham on loan for the rest of the season,114,42,281,144,114,59,165,79,,,,,,,1.04,0.0,0.0,1.04,1.57,0.0,287,174,177,77,131,52,488,195,0.0,0.0
37,Victor,Lindelöf,Victor Lindelöf,Aston Villa,DEF,2026-09-06 15:09:00.155543+00:00,6,6,4.5,0.3,270,0,0,1,5,1,0,0,0,0,0,0,25,16.8,1.3,0.0,1.8,2.0,0,0.4,1.3,2.0,5506,7384,520,378,0.0,0.0,0.0,0.0,0.16,0.0,0.16,5.38,3,1,13,5,14,4.67,,196,83,270,96,344,146,264,97,,,,,,,0.0,0.0,0.05,0.05,1.79,1.67,454,96,170,68,189,73,303,112,1.0,0.33
97,Mathias,Jensen,Mathias Jensen,Brentford,MID,2026-09-06 15:09:00.155543+00:00,6,0,5.5,0.1,66,0,1,1,0,0,0,0,0,0,0,0,22,12.6,46.2,13.0,7.2,2.0,0,0.4,1.1,6.0,4434,9380,7,1134,0.0,0.0,0.0,0.0,0.34,0.08,0.42,0.47,1,2,0,3,5,6.82,Unspecified injury - Expected back 18 Sep,221,90,39,32,125,63,118,60,1.0,,2.0,,3.0,,0.11,0.0,0.46,0.57,0.64,0.0,142,86,187,86,38,16,365,135,1.36,1.36
7,Myles,Lewis-Skelly,Myles Lewis-Skelly,Arsenal,MID,2026-09-06 15:09:00.155543+00:00,6,0,5.5,0.7,160,0,0,2,0,0,0,0,0,0,0,0,30,21.6,26.1,12.0,6.0,2.0,0,0.4,1.1,3.0,20302,24235,1760,1694,0.0,0.0,0.0,0.0,0.13,0.13,0.26,0.53,2,1,5,6,12,6.75,,171,64,99,61,133,68,146,71,,,,,,,0.07,0.0,0.07,0.14,0.3,0.0,175,107,189,87,138,56,227,74,1.12,1.12
67,Rayan Vitor,Simplício Rocha,Rayan Vitor Rayan,Bournemouth,MID,2026-09-06 15:09:00.155543+00:00,6,2,6.5,2.2,266,0,0,0,4,0,0,0,0,0,0,0,21,14.8,14.8,61.0,9.1,2.0,0,0.3,0.9,2.0,37074,91769,1686,9566,0.0,0.0,0.0,0.0,0.06,0.48,0.54,4.56,3,2,3,3,8,2.71,,208,82,150,90,22,13,79,45,,,,,,,0.16,0.0,0.02,0.18,1.54,1.35,43,29,194,90,222,98,123,38,1.02,0.0
73,Tyler,Adams,Tyler Adams,Bournemouth,MID,2026-09-06 15:09:00.155543+00:00,6,4,5.0,0.3,111,0,0,0,4,0,0,0,0,0,0,0,23,5.2,1.9,0.0,0.7,2.0,0,0.4,1.2,2.0,10034,8297,1414,751,0.0,0.0,0.0,0.0,0.01,0.0,0.01,0.95,1,3,4,11,18,14.59,,269,121,252,132,488,186,306,139,,,,,,,0.0,0.0,0.01,0.01,0.77,3.24,264,163,176,76,201,85,311,110,0.81,0.0
57,Đorđe,Petrović,Đorđe Petrović,Bournemouth,GKP,2026-09-06 15:09:00.155543+00:00,6,1,4.5,3.4,270,0,0,0,5,0,0,0,0,0,9,0,33,70.6,0.0,0.0,7.1,2.0,0,0.4,1.3,2.0,77889,55362,6529,6357,0.0,0.0,0.0,0.0,0.0,0.0,0.0,4.8,3,0,6,21,0,0.0,,16,2,431,42,370,41,120,2,,,,,,,0.0,3.0,0.0,0.0,1.6,1.67,494,40,172,16,194,16,94,15,1.0,0.0
60,James,Hill,James Hill,Bournemouth,DEF,2026-09-06 15:09:00.155543+00:00,6,1,5.5,0.8,270,0,0,0,5,0,0,0,0,0,0,0,23,37.2,21.3,4.0,6.3,2.0,0,0.4,1.1,2.0,17436,20492,1189,2083,0.0,0.0,0.0,0.0,0.76,0.0,0.76,4.8,3,4,20,5,24,8.0,,109,48,122,38,202,72,140,52,,,,,,,0.0,0.0,0.25,0.25,1.6,1.67,163,20,188,70,214,81,209,79,1.0,0.0
557,Christos,Tzolis,Christos Tzolis,Arsenal,MID,2026-09-06 15:09:00.155543+00:00,6,0,6.5,18.6,120,0,1,1,0,0,0,0,1,0,0,0,31,17.0,51.6,34.0,10.3,2.0,0,0.3,0.9,3.0,336447,828854,8376,79830,0.0,0.0,0.0,0.0,0.15,0.19,0.34,0.16,2,1,3,5,9,6.75,,195,76,30,25,56,32,67,41,3.0,,,,,,0.14,0.0,0.11,0.25,0.12,0.0,38,26,193,89,142,57,18,8,1.5,0.75
412,Senne,Lammens,Senne Lammens,Man Utd,GKP,2026-09-06 15:09:00.155543+00:00,5,2,5.0,13.3,270,0,0,0,6,0,0,0,0,0,9,0,31,47.2,0.0,0.0,4.7,1.7,0,0.3,1.0,1.7,70401,317689,3487,38497,0.0,0.0,0.0,0.0,0.0,0.0,0.0,4.08,3,0,4,28,0,0.0,,68,10,552,64,513,64,181,11,,,,,,,0.0,3.0,0.0,0.0,1.36,2.0,307,14,202,19,231,21,31,5,1.0,0.0
575,Caleb,Yirenkyi,Caleb Yirenkyi,Coventry City,MID,2026-09-06 15:09:00.155543+00:00,5,1,5.0,0.2,158,0,0,1,3,0,0,0,1,0,0,0,23,9.4,19.1,7.0,3.2,1.7,0,0.3,1.0,1.7,1869,7467,94,676,0.0,0.0,0.0,0.0,0.13,0.03,0.16,2.53,2,0,5,11,16,9.11,,235,98,131,80,174,85,214,95,,,,,,,0.02,0.0,0.07,0.09,1.44,1.71,376,228,203,93,232,102,343,125,1.14,0.57
198,Dean,Henderson,Dean Henderson,Crystal Palace,GKP,2026-09-06 15:09:00.155543+00:00,5,2,5.0,1.8,270,0,0,0,8,0,0,0,0,0,12,0,37,58.4,0.0,0.0,5.8,1.7,0,0.3,1.0,1.7,25523,35023,4612,2914,0.0,0.0,0.0,0.0,0.0,0.0,0.0,6.47,3,0,6,31,0,0.0,,34,6,529,59,485,59,149,6,,,,,,,0.0,4.0,0.0,0.0,2.16,2.67,258,9,200,18,229,20,132,19,1.0,0.0
148,Jorrel,Hato,Jorrel Hato,Chelsea,DEF,2026-09-06 15:09:00.155543+00:00,5,0,4.5,0.7,154,0,1,0,5,0,0,0,0,0,0,0,17,38.4,33.0,11.0,8.3,1.7,0,0.4,1.1,2.5,33385,16658,6511,1747,0.0,0.0,0.0,0.0,0.09,0.01,0.1,2.46,2,4,5,5,9,5.26,,98,45,72,20,138,46,92,30,,,,,,,0.01,0.0,0.05,0.06,1.44,2.92,530,141,199,74,159,61,233,85,1.17,0.0
61,Adrien,Truffert,Adrien Truffert,Bournemouth,DEF,2026-09-06 15:09:00.155543+00:00,5,0,5.5,3.7,270,0,0,0,5,0,0,0,1,0,0,2,24,43.2,25.0,4.0,7.3,1.7,0,0.3,0.9,1.7,34427,77623,1947,9718,0.0,0.0,0.0,0.0,0.13,0.01,0.14,4.8,3,7,15,18,22,7.33,,80,34,105,33,203,73,115,41,,,,,,,0.0,0.0,0.04,0.04,1.6,1.67,173,22,211,75,237,85,92,36,1.0,0.0
372,Alexis,Mac Allister,Alexis Mac Allister,Liverpool,MID,2026-09-06 15:09:00.155543+00:00,5,2,5.5,1.4,186,0,0,1,2,0,0,0,1,0,0,0,33,18.4,9.1,0.0,2.7,1.7,0,0.3,0.9,1.7,19347,54744,2158,5178,0.0,0.0,0.0,0.0,0.42,0.08,0.5,3.9,2,8,5,11,24,11.61,,185,71,190,106,597,251,226,100,,,,,5.0,,0.04,0.0,0.2,0.24,1.89,0.97,146,88,209,97,236,105,153,47,0.97,0.48
95,Dango,Ouattara,Dango O.Dango,Brentford,MID,2026-09-06 15:09:00.155543+00:00,5,1,6.4,0.8,140,0,0,1,1,0,0,0,0,0,0,0,28,16.4,46.3,17.0,8.0,1.7,0,0.3,0.8,1.7,12284,45510,329,4977,-0.1,0.1,-0.1,0.1,0.38,0.07,0.45,2.18,2,2,8,14,24,15.43,,201,80,38,31,106,55,100,52,4.0,,,,,,0.04,0.0,0.24,0.28,1.4,0.64,52,36,212,98,238,106,218,71,1.29,0.64
543,Habib,Diarra,Habib Diarra,Sunderland,MID,2026-09-06 15:09:00.155543+00:00,5,0,5.4,0.0,28,0,1,0,1,0,0,0,0,0,0,0,18,15.6,10.9,2.0,2.9,1.7,0,0.3,0.9,2.5,504,3883,5,400,-0.1,0.1,-0.1,0.1,0.16,0.03,0.19,0.12,0,0,0,0,0,0.0,Hamstring injury - Unknown return date,203,81,181,103,238,114,221,98,,,,,1.0,,0.1,0.0,0.51,0.61,0.39,3.21,228,143,206,96,161,70,506,207,0.0,0.0
45,John,McGinn,John McGinn,Aston Villa,MID,2026-09-06 15:09:00.155543+00:00,5,3,5.4,2.4,261,0,0,1,5,0,0,0,2,0,0,0,16,1.6,14.4,11.0,2.2,1.7,0,0.3,0.9,1.7,27253,95535,2756,6400,-0.1,0.1,0.0,0.0,0.09,0.77,0.86,5.23,3,4,4,7,15,5.17,,315,141,152,91,139,69,248,112,2.0,,,,,,0.27,0.0,0.03,0.3,1.8,1.72,197,121,204,94,233,103,115,35,1.03,0.34
125,Georginio,Rutter,Georginio Georginio,Brighton,FWD,2026-09-06 15:09:00.155543+00:00,5,0,5.5,0.7,90,0,1,1,0,0,0,0,0,0,0,0,22,19.8,11.4,15.0,4.6,1.7,0,0.3,0.9,5.0,28723,45541,290,4058,0.0,0.0,0.0,0.0,0.44,0.08,0.52,0.29,1,2,1,4,7,7.0,Unspecified injury - 75% chance of playing,177,14,176,19,116,22,183,20,,,,,,,0.08,0.0,0.44,0.52,0.29,0.0,162,42,210,20,54,4,226,38,1.0,1.0
619,Exequiel,Palacios,Exequiel Palacios,Ipswich Town,MID,2026-09-06 15:09:00.155543+00:00,5,4,5.0,0.0,105,0,0,0,4,0,0,0,0,0,0,0,35,7.2,12.0,2.0,2.1,2.5,0,0.5,1.0,2.5,2097,528,682,176,0.0,0.0,0.0,0.0,0.03,0.0,0.03,2.61,1,5,5,15,25,21.43,,250,109,170,100,229,109,253,114,,,,,,,0.0,0.0,0.03,0.03,2.24,3.43,274,170,140,62,160,69,565,233,0.86,0.0
598,Nico,Elvedi,Nico Elvedi,Leeds,DEF,2026-09-06 15:09:00.155543+00:00,5,4,4.5,0.0,146,0,0,0,2,0,0,0,0,0,0,0,21,16.0,1.1,6.0,2.3,1.7,0,0.4,1.1,2.5,1346,929,263,122,0.0,0.0,0.0,0.0,0.57,0.0,0.57,3.51,1,1,15,4,16,9.86,,202,84,279,100,184,63,243,90,,,,,,,0.0,0.0,0.35,0.35,2.16,1.23,451,94,197,73,158,60,538,186,0.62,0.0
337,Brenden,Aaronson,Brenden Aaronson,Leeds,MID,2026-09-06 15:09:00.155543+00:00,5,1,5.4,0.7,154,0,0,1,2,0,0,0,0,0,0,0,27,10.2,1.7,7.0,1.9,1.7,0,0.3,0.9,1.7,4909,26904,290,2377,-0.1,0.1,-0.1,0.1,0.02,0.01,0.03,3.08,2,2,1,7,10,5.84,,232,96,262,136,176,87,263,118,,,3.0,,,,0.01,0.0,0.01,0.02,1.8,1.17,210,130,205,95,234,104,234,79,1.17,0.58
347,Lukas,Nmecha,Lukas Nmecha,Leeds,FWD,2026-09-06 15:09:00.155543+00:00,5,1,5.5,0.5,38,0,1,0,0,0,0,0,0,0,0,0,20,18.2,20.3,6.0,4.5,1.7,0,0.3,0.9,2.5,8031,19474,687,1391,0.0,0.0,0.0,0.0,0.14,0.27,0.41,2.25,0,0,0,1,1,2.37,,186,15,123,11,191,32,186,22,,,,,2.0,,0.64,0.0,0.33,0.97,5.33,0.0,131,35,207,18,162,18,258,44,0.0,0.0
492,Taiwo,Awoniyi,Taiwo Awoniyi,Coventry City,FWD,2026-09-06 15:09:00.155543+00:00,5,2,5.5,0.7,180,0,0,0,2,0,0,0,0,0,0,0,16,10.0,25.0,65.0,10.0,1.7,0,0.3,0.9,1.7,14921,29343,1425,1894,0.0,0.0,0.0,0.0,0.03,1.24,1.27,2.18,2,0,3,6,9,4.5,,234,20,104,9,16,7,69,11,,,,,5.0,,0.62,0.0,0.02,0.64,1.09,1.0,143,37,208,19,235,26,232,39,1.0,0.0
265,Sander,Berge,Sander Berge,Fulham,MID,2026-09-06 15:09:00.155543+00:00,5,1,5.0,0.3,183,0,0,0,5,0,0,0,0,0,0,0,37,19.6,51.0,9.0,8.0,1.7,0,0.3,1.0,1.7,3534,9440,194,923,0.0,0.0,0.0,0.0,0.33,0.03,0.36,4.9,2,1,1,6,8,3.93,,178,69,32,26,155,77,99,51,,,,,,,0.01,0.0,0.16,0.17,2.41,2.46,267,166,201,92,230,101,281,93,0.98,0.0
110,Carl,Rushworth,Carl Rushworth,Coventry City,GKP,2026-09-06 15:09:00.155543+00:00,5,2,4.5,1.0,270,0,0,0,5,0,0,0,0,0,5,0,23,24.8,0.0,0.0,2.5,1.7,0,0.4,1.1,1.7,15860,26990,991,3365,0.0,0.0,0.0,0.0,0.01,0.0,0.01,4.72,3,0,3,29,0,0.0,,153,17,434,43,376,42,231,17,,,,,,,0.0,1.67,0.0,0.0,1.57,1.67,501,41,198,17,228,19,194,30,1.0,0.0
176,Jay,Dasilva,Jay Dasilva,Coventry City,DEF,2026-09-06 15:09:00.155543+00:00,5,2,4.0,0.8,264,0,0,0,5,0,0,0,0,0,0,0,21,29.0,11.1,17.0,5.8,1.7,0,0.4,1.2,1.7,6370,12056,482,816,0.0,0.0,0.0,0.0,0.15,0.18,0.33,4.72,3,4,12,7,16,5.45,,136,61,178,57,98,27,148,56,,,,,,,0.06,0.0,0.05,0.11,1.61,1.7,596,167,196,72,227,84,223,83,1.02,0.0
401,Omar,Marmoush,Omar Marmoush,Spurs,FWD,2026-09-06 15:09:00.155543+00:00,4,2,7.0,2.2,173,0,0,1,2,0,0,0,0,0,0,0,20,9.2,35.1,28.0,7.2,1.3,0,0.2,0.6,2.0,150958,64295,10655,9346,0.0,0.0,0.0,0.0,0.08,0.34,0.42,1.6,2,1,0,3,4,2.08,,238,21,63,4,68,15,119,16,,,5.0,,2.0,,0.18,0.0,0.04,0.22,0.83,1.04,28,9,240,27,226,25,119,17,1.04,0.52
580,Shea,Charles,Shea Charles,Fulham,MID,2026-09-06 15:09:00.155543+00:00,4,2,5.0,0.1,123,0,0,0,4,0,0,0,0,0,0,0,25,4.0,4.1,6.0,1.4,1.3,0,0.3,0.8,1.3,782,2208,89,156,0.0,0.0,0.0,0.0,0.12,0.09,0.21,3.77,1,1,4,11,16,11.71,,289,133,217,119,186,91,283,126,,,,,,,0.07,0.0,0.09,0.16,2.76,2.93,306,184,225,101,253,114,463,183,0.73,0.0
190,Loum,Tchaouna,Loum Tchaouna,Coventry City,MID,2026-09-06 15:09:00.155543+00:00,4,1,5.5,0.1,166,0,0,0,3,0,0,0,0,0,0,0,27,8.8,24.5,8.0,4.2,1.3,0,0.2,0.7,1.3,2932,5484,42,281,0.0,0.0,0.0,0.0,0.18,0.19,0.37,2.73,2,1,5,9,15,8.13,,240,100,108,65,159,78,190,85,5.0,,,,,,0.1,0.0,0.1,0.2,1.48,1.63,165,99,229,105,254,115,406,156,1.08,0.0
222,Jørgen,Strand Larsen,Jørgen Strand Larsen,Crystal Palace,FWD,2026-09-06 15:09:00.155543+00:00,4,1,6.0,0.5,134,0,0,0,3,0,0,0,0,0,0,0,20,6.2,3.8,21.0,3.2,1.3,0,0.2,0.7,1.3,10632,17868,1598,1592,0.0,0.0,0.0,0.0,0.01,0.3,0.31,3.69,1,1,3,4,8,5.37,,260,22,219,30,88,19,215,24,,,,,,,0.2,0.0,0.01,0.21,2.48,2.01,69,15,234,25,257,31,251,41,0.67,0.0
166,Nicolas,Jackson,Nicolas N.Jackson,Aston Villa,FWD,2026-09-06 15:09:00.155543+00:00,4,2,6.5,1.0,154,0,0,1,1,0,0,0,0,0,0,0,21,4.2,5.9,2.0,1.2,1.3,0,0.2,0.6,2.0,85956,25857,6751,3422,0.0,0.0,0.0,0.0,0.54,0.24,0.78,1.23,2,0,0,5,5,2.92,,285,27,204,26,244,37,290,34,,,,,,,0.14,0.0,0.32,0.46,0.72,0.58,45,11,238,26,223,24,189,30,1.17,0.58
162,Andrey,Nascimento dos Santos,Andrey Andrey Santos,Man Utd,MID,2026-09-06 15:09:00.155543+00:00,4,1,4.9,0.8,82,0,0,0,4,0,0,0,0,0,0,0,23,17.6,4.9,2.0,2.5,1.3,0,0.3,0.8,1.3,16186,42897,1384,3445,-0.1,0.1,0.0,0.0,0.24,0.0,0.24,2.03,1,4,7,7,18,19.76,,192,74,211,116,226,107,232,103,,,,,,,0.0,0.0,0.26,0.26,2.23,4.39,409,247,220,99,250,113,217,70,1.1,0.0
93,Jannik,Schuster,Jannik Schuster,Brentford,DEF,2026-09-06 15:09:00.155543+00:00,4,4,4.5,0.1,73,0,0,0,1,0,0,0,0,0,0,0,11,0.0,0.0,0.0,0.0,1.3,0,0.3,0.9,4.0,352,2817,44,139,0.0,0.0,0.0,0.0,0.01,0.1,0.11,1.61,0,0,10,0,10,12.33,,447,180,449,181,391,170,457,180,,,,,,,0.12,0.0,0.01,0.13,1.98,1.23,519,137,217,80,77,32,373,137,0.0,0.0
202,Chris,Richards,Chris Richards,Crystal Palace,DEF,2026-09-06 15:09:00.155543+00:00,4,1,5.0,0.7,270,0,0,0,8,0,0,0,0,0,0,0,17,57.6,0.8,17.0,7.5,1.3,0,0.3,0.8,1.3,11313,19150,1360,1525,0.0,0.0,0.0,0.0,0.0,0.08,0.08,6.47,3,5,26,7,31,10.33,,36,12,290,107,101,29,111,39,,,,,,,0.03,0.0,0.0,0.03,2.16,2.67,292,50,223,84,252,89,236,86,1.0,0.0
419,Lisandro,Martínez,Lisandro Martinez,Man Utd,DEF,2026-09-06 15:09:00.155543+00:00,4,3,5.0,1.2,180,0,0,0,4,0,0,0,0,0,0,0,9,4.8,1.8,3.0,1.0,1.3,0,0.3,0.8,2.0,16258,40016,1309,2323,0.0,0.0,0.0,0.0,0.06,0.03,0.09,3.07,2,0,10,8,10,5.0,,278,104,255,87,211,77,294,106,,,,,,,0.02,0.0,0.03,0.05,1.54,2.0,279,46,221,83,202,79,165,66,1.0,0.0
491,Igor Jesus,Maciel da Cruz,Igor Jesus Igor Jesus,Nott'm Forest,FWD,2026-09-06 15:09:00.155543+00:00,4,1,5.9,2.9,211,0,0,0,3,0,0,0,1,0,0,0,15,13.8,20.1,69.0,10.3,1.3,0,0.2,0.7,1.3,39245,154997,3597,14724,-0.1,0.1,0.0,0.0,0.06,0.96,1.02,2.48,2,2,5,2,9,3.84,,213,18,125,12,14,6,66,10,,,,,4.0,,0.41,0.0,0.03,0.44,1.06,1.28,105,28,231,23,255,30,107,16,0.85,0.0
182,Aurèle,Amenda,Aurèle Amenda,Coventry City,DEF,2026-09-06 15:09:00.155543+00:00,4,2,4.0,0.8,270,0,0,0,5,0,0,0,1,0,0,0,9,40.2,2.9,5.0,4.9,1.3,0,0.3,1.0,1.3,7226,13556,774,968,0.0,0.0,0.0,0.0,0.39,0.02,0.41,4.72,3,1,15,11,16,5.33,,90,41,229,72,192,66,173,64,,,,,,,0.01,0.0,0.13,0.14,1.57,1.67,632,194,213,76,247,86,219,81,1.0,0.0
463,Nick,Woltemade,Nick Woltemade,Newcastle,FWD,2026-09-06 15:09:00.155543+00:00,4,0,5.9,0.9,19,0,1,0,0,0,0,0,0,0,0,0,18,18.2,10.5,11.0,4.0,1.3,0,0.2,0.7,4.0,14520,103722,0,16162,-0.1,0.1,0.0,0.0,0.01,0.02,0.03,0.38,0,0,0,0,0,0.0,Has joined Juventus on loan for the rest of the season,187,16,184,21,143,26,194,23,,,,,,,0.09,0.0,0.05,0.14,1.8,0.0,104,27,230,22,87,9,206,32,0.0,0.0
155,Enzo,Fernández,Enzo Enzo,Man City,MID,2026-09-06 15:09:00.155543+00:00,4,3,6.9,3.3,100,0,0,1,0,0,0,0,0,0,0,0,23,3.4,12.0,0.0,1.5,1.3,0,0.2,0.6,2.0,53447,233856,7525,11755,-0.1,0.1,0.0,0.0,0.14,0.13,0.27,1.28,1,1,1,4,6,5.4,,298,135,171,101,647,287,279,125,,,,,,,0.12,0.0,0.13,0.25,1.15,0.0,30,19,239,109,224,99,98,30,0.9,0.9
465,William,Osula,William Osula,Newcastle,FWD,2026-09-06 15:09:00.155543+00:00,4,0,5.9,0.5,55,0,1,0,1,0,0,0,0,0,0,0,18,28.2,13.7,8.0,5.0,1.3,0,0.2,0.7,4.0,20979,68249,78,3493,-0.1,0.1,0.0,0.0,0.14,0.06,0.2,1.48,1,1,2,2,5,8.18,Foot injury - Unknown return date,141,13,155,15,161,29,172,19,,,,,1.0,,0.1,0.0,0.23,0.33,2.42,1.64,109,29,232,24,88,10,257,43,1.64,0.0
239,James,Garner,James Garner,Everton,MID,2026-09-06 15:09:00.155543+00:00,4,2,6.0,0.1,148,0,0,0,2,0,0,0,1,0,0,0,34,8.2,12.9,2.0,2.4,1.3,0,0.2,0.7,1.3,5727,5739,1206,766,0.0,0.0,0.0,0.0,0.1,0.0,0.1,1.36,2,5,2,12,19,11.55,,245,104,163,99,243,118,241,108,1.0,,1.0,,2.0,,0.0,0.0,0.06,0.06,0.83,1.22,68,47,233,106,256,116,378,140,1.22,0.0
260,Harry,Wilson,Harry Wilson,Leeds,MID,2026-09-06 15:09:00.155543+00:00,4,0,6.4,3.7,127,0,0,1,0,0,0,0,1,0,0,0,15,14.6,27.4,10.0,5.3,1.3,0,0.2,0.6,1.3,23066,241333,810,27960,-0.1,0.1,0.0,0.0,0.06,0.01,0.07,2.98,1,3,2,4,9,6.38,,209,83,90,56,150,74,164,78,2.0,,,,,,0.01,0.0,0.04,0.05,2.11,0.0,47,32,236,108,259,118,91,29,0.71,0.71
387,Nico,O'Reilly,Nico O'Reilly,Man City,DEF,2026-09-06 15:09:00.155543+00:00,4,0,6.5,17.4,150,0,0,0,2,0,0,0,0,0,0,0,16,12.4,38.2,16.0,6.6,1.3,0,0.2,0.6,2.0,169420,522613,3393,124253,0.0,0.0,0.0,0.0,0.43,0.09,0.52,1.21,2,2,1,7,3,1.8,Back injury - 75% chance of playing,225,91,53,11,110,31,132,47,,,,,,,0.05,0.0,0.26,0.31,0.73,1.2,42,4,237,85,221,83,22,6,1.2,0.0
153,Axel,Disasi,Axel Disasi,Crystal Palace,DEF,2026-09-06 15:09:00.155543+00:00,4,3,4.5,0.1,106,0,0,0,3,0,0,0,0,0,0,0,12,1.2,0.0,0.0,0.1,1.3,0,0.3,0.9,2.0,2848,2138,812,282,0.0,0.0,0.0,0.0,0.04,0.0,0.04,3.34,1,5,9,9,14,11.89,,321,119,414,166,350,150,341,122,,,,,,,0.0,0.0,0.03,0.03,2.84,2.55,463,103,215,78,190,74,460,163,0.85,0.0
106,Igor Thiago,Nascimento Rodrigues,Igor Thiago Thiago,Brentford,FWD,2026-09-06 15:09:00.155543+00:00,4,2,8.0,13.0,262,0,0,1,2,0,0,1,0,0,0,0,8,4.6,10.2,63.0,7.8,1.3,0,0.2,0.5,1.3,168798,525039,4968,71084,0.0,0.0,0.0,0.0,0.1,2.3,2.4,3.67,3,2,4,9,15,5.15,,279,26,186,23,19,9,105,15,,,,,1.0,,0.79,0.0,0.03,0.82,1.26,0.69,9,3,241,28,260,32,32,6,1.03,0.34
105,Jaidon,Anthony,Jaidon Anthony,Brentford,MID,2026-09-06 15:09:00.155543+00:00,4,1,6.0,0.2,128,0,0,1,1,0,0,0,1,0,0,0,16,13.8,60.8,16.0,9.1,1.3,0,0.2,0.7,1.3,3759,6283,157,541,0.0,0.0,0.0,0.0,0.42,0.19,0.61,1.55,1,2,0,11,13,9.14,,214,86,19,17,109,58,78,44,,,,,,,0.13,0.0,0.3,0.43,1.09,0.7,73,49,235,107,258,117,363,134,0.7,0.7
417,Diogo,Dalot Teixeira,Diogo Dalot,Man Utd,DEF,2026-09-06 15:09:00.155543+00:00,4,1,4.9,2.1,166,0,0,0,2,0,0,0,1,0,0,0,26,24.0,53.5,33.0,11.1,1.3,0,0.3,0.8,1.3,18283,78419,1082,6102,-0.1,0.1,-0.1,0.1,0.13,0.16,0.29,1.98,2,4,7,5,11,5.96,,160,72,27,4,57,12,55,11,,,,,,,0.09,0.0,0.07,0.16,1.07,1.08,388,70,219,82,249,88,124,50,1.08,0.0
129,Yasin,Ayari,Yasin Ayari,Brighton,MID,2026-09-06 15:09:00.155543+00:00,4,2,5.4,0.4,153,0,0,1,1,0,0,0,1,0,0,0,26,0.0,15.0,6.0,1.7,1.3,0,0.2,0.7,2.0,5108,30627,331,1681,-0.1,0.1,0.0,0.0,0.07,0.28,0.35,2.68,2,0,2,5,7,4.12,,597,255,147,88,190,94,274,122,4.0,,2.0,,,,0.16,0.0,0.04,0.2,1.58,0.59,227,142,227,103,212,94,272,91,1.18,0.59
254,Antonee,Robinson,Antonee Robinson,Fulham,DEF,2026-09-06 15:09:00.155543+00:00,4,1,4.5,1.6,249,0,0,0,7,0,0,0,0,0,0,0,21,31.4,29.8,3.0,6.4,1.3,0,0.3,0.9,1.3,27594,31356,1407,4745,0.0,0.0,0.0,0.0,0.16,0.21,0.37,6.2,3,8,7,12,15,5.42,,132,60,82,25,209,76,138,51,,,,,2.0,,0.08,0.0,0.06,0.14,2.24,2.53,448,92,214,77,248,87,145,61,1.08,0.0
104,Frank,Onyeka,Frank Onyeka,Coventry City,MID,2026-09-06 15:09:00.155543+00:00,4,2,5.0,0.1,152,0,0,0,4,0,0,0,0,0,0,0,13,3.6,1.6,0.0,0.5,1.3,0,0.3,0.8,2.0,2914,6123,79,318,0.0,0.0,0.0,0.0,0.01,0.0,0.01,3.05,2,2,3,7,12,7.11,,296,134,264,138,502,193,311,142,,,,,,,0.0,0.0,0.01,0.01,1.81,2.37,293,177,224,100,203,86,405,155,1.18,0.0
151,Josh,Acheampong,Josh Acheampong,Chelsea,DEF,2026-09-06 15:09:00.155543+00:00,4,0,4.5,0.4,112,0,0,0,3,0,0,0,0,0,0,0,12,39.4,2.3,2.0,4.3,1.3,0,0.3,0.9,2.0,13550,10683,693,768,0.0,0.0,0.0,0.0,0.01,0.0,0.01,1.47,1,6,12,6,18,14.46,,96,44,237,77,223,84,187,70,,,,,,,0.0,0.0,0.01,0.01,1.18,2.41,542,145,218,81,195,77,276,102,0.8,0.0
194,Brandon,Thomas-Asante,Brandon Thomas-Asante,Coventry City,FWD,2026-09-06 15:09:00.155543+00:00,4,1,5.0,0.8,120,0,0,0,4,0,0,0,0,0,0,0,20,5.8,3.1,2.0,1.1,1.3,0,0.3,0.8,1.3,33485,27873,2502,2486,0.0,0.0,0.0,0.0,0.02,0.0,0.02,3.24,1,0,6,5,11,8.25,,263,24,228,32,232,36,293,35,,,,,4.0,,0.0,0.0,0.02,0.02,2.43,3.0,285,54,222,21,251,29,214,36,0.75,0.0
91,Ethan,Pinnock,Ethan Pinnock,Coventry City,DEF,2026-09-06 15:09:00.155543+00:00,4,3,4.5,0.1,102,0,0,0,2,0,0,0,1,0,0,0,2,3.8,0.7,0.0,0.5,1.3,0,0.3,0.9,2.0,1231,2428,152,141,0.0,0.0,0.0,0.0,0.0,0.11,0.11,2.66,1,1,14,2,15,13.24,,291,108,295,108,354,152,310,111,,,,,,,0.1,0.0,0.0,0.1,2.35,1.76,472,110,216,79,191,75,471,167,0.88,0.0
522,Archie,Gray,Archie Gray,Spurs,MID,2026-09-06 15:09:00.155543+00:00,4,0,5.0,0.2,152,0,0,0,4,0,0,0,0,0,0,0,24,8.0,4.8,0.0,1.3,1.3,0,0.3,0.8,2.0,4138,7358,266,768,0.0,0.0,0.0,0.0,0.01,0.0,0.01,3.91,2,1,5,5,11,6.51,,248,107,212,117,542,216,285,128,,,,,,,0.0,0.0,0.01,0.01,2.32,2.37,352,213,226,102,207,90,339,124,1.18,0.0
405,Nico,González Iglesias,Nico N.Gonzalez,Newcastle,MID,2026-09-06 15:09:00.155543+00:00,4,2,5.5,0.3,146,0,0,1,2,0,0,0,1,0,0,0,20,7.2,29.5,0.0,3.7,1.3,0,0.2,0.7,2.0,13677,5421,1154,706,0.0,0.0,0.0,0.0,0.21,0.0,0.21,2.07,2,0,3,8,11,6.78,,252,111,84,52,603,256,205,91,,,,,,,0.0,0.0,0.13,0.13,1.28,1.23,164,98,228,104,215,96,314,111,1.23,0.62
585,Lucas,Herrington,Lucas Herrington,Hull City,DEF,2026-09-06 15:09:00.155543+00:00,3,1,4.0,0.6,76,0,0,0,0,0,0,0,0,0,0,0,9,11.0,0.2,0.0,1.1,1.0,0,0.2,0.8,1.0,6632,9503,427,802,0.0,0.0,0.0,0.0,0.0,0.0,0.0,1.28,0,1,6,1,7,8.29,,228,93,322,118,311,128,291,105,,,,,,,0.0,0.0,0.0,0.0,1.52,0.0,646,207,244,88,269,98,239,89,0.0,0.0
209,Brennan,Johnson,Brennan Johnson,Everton,MID,2026-09-06 15:09:00.155543+00:00,3,1,5.9,0.1,99,0,0,0,1,0,0,0,1,0,0,0,7,5.2,0.3,0.0,0.5,1.0,0,0.2,0.5,1.0,1812,6465,294,408,-0.1,0.1,0.0,0.0,0.04,0.05,0.09,2.28,1,2,5,5,12,10.91,,273,125,321,163,621,267,313,144,,,,,,,0.05,0.0,0.04,0.09,2.07,0.91,96,61,272,125,355,165,398,151,0.91,0.0
422,Noussair,Mazraoui,Noussair Mazraoui,Man Utd,DEF,2026-09-06 15:09:00.155543+00:00,3,1,4.5,0.6,97,0,0,0,4,0,0,0,0,0,0,0,6,18.8,30.7,9.0,5.9,1.0,0,0.2,0.7,1.0,9521,21166,423,2051,0.0,0.0,0.0,0.0,0.06,0.22,0.28,2.08,1,2,4,3,6,5.57,,184,81,79,23,151,49,147,55,,,,,,,0.2,0.0,0.06,0.26,1.93,3.71,470,109,247,91,281,108,238,88,0.93,0.0
403,Sávio,Moreira de Oliveira,Sávio Sávio,Spurs,MID,2026-09-06 15:09:00.155543+00:00,3,3,6.5,0.7,60,0,0,1,0,0,0,0,0,0,0,0,15,0.0,0.0,0.0,0.0,1.0,0,0.2,0.5,3.0,73660,48359,2777,2689,0.0,0.0,0.0,0.0,0.27,0.02,0.29,0.49,1,0,0,0,0,0.0,,647,287,647,287,646,286,647,287,4.0,,,,,,0.03,0.0,0.4,0.43,0.74,0.0,44,30,277,129,143,58,229,76,1.5,1.5
519,Conor,Gallagher,Conor Gallagher,Spurs,MID,2026-09-06 15:09:00.155543+00:00,3,3,5.4,0.2,128,0,0,1,2,0,0,0,1,0,0,0,24,0.0,5.5,1.0,0.5,1.0,0,0.2,0.6,1.5,2443,11718,211,484,-0.1,0.1,0.0,0.0,0.12,0.02,0.14,2.58,2,5,1,8,14,9.84,,586,247,206,113,250,122,312,143,,,,,,,0.01,0.0,0.08,0.09,1.81,1.41,207,128,259,117,242,109,334,120,1.41,0.7
369,Rio,Ngumoha,Rio Ngumoha,Liverpool,MID,2026-09-06 15:09:00.155543+00:00,3,0,5.9,0.7,81,0,0,0,2,0,0,0,0,0,0,0,14,4.4,7.3,7.0,1.8,1.0,0,0.2,0.5,1.5,9361,57768,341,7482,-0.1,0.1,0.0,0.0,0.05,0.04,0.09,0.58,1,1,0,2,3,3.33,,280,128,197,109,181,90,266,119,,,,,,,0.04,0.0,0.06,0.1,0.64,2.22,114,74,275,128,246,112,230,77,1.11,0.0
523,Mikey,Moore,Mikey Moore,Spurs,MID,2026-09-06 15:09:00.155543+00:00,3,0,5.0,0.1,89,0,0,0,4,0,0,0,0,0,0,0,11,14.2,6.3,56.0,7.5,1.0,0,0.2,0.6,1.5,3258,10752,0,1737,0.0,0.0,0.0,0.0,0.02,0.4,0.42,3.26,1,1,0,2,3,3.03,Has joined FC Köln on loan for the rest of the season,210,84,200,110,27,17,112,57,,,,,,,0.4,0.0,0.02,0.42,3.3,4.04,331,196,257,115,241,108,410,158,1.01,0.0
269,Ryan,Sessegnon,Ryan Sessegnon,Fulham,DEF,2026-09-06 15:09:00.155543+00:00,3,1,4.5,0.4,50,0,0,0,1,0,0,0,0,0,0,0,13,15.2,11.5,27.0,5.4,1.0,0,0.2,0.7,1.0,1922,8705,76,848,0.0,0.0,0.0,0.0,0.44,0.13,0.57,1.8,0,1,2,3,3,5.4,,204,85,174,55,70,15,155,57,3.0,,,,,,0.23,0.0,0.79,1.02,3.24,1.8,453,95,245,89,277,104,279,104,0.0,0.0
498,Marcos,Senesi Barón,Marcos Senesi,Spurs,DEF,2026-09-06 15:09:00.155543+00:00,3,0,5.9,5.2,90,0,0,0,3,0,0,0,0,0,0,0,10,36.6,2.2,0.0,3.9,1.0,0,0.2,0.5,3.0,22224,280598,900,25779,-0.1,0.1,0.0,0.0,0.02,0.0,0.02,3.87,1,5,11,2,16,16.0,,111,50,243,80,620,212,198,75,,,,,,,0.0,0.0,0.02,0.02,3.87,3.0,95,9,271,95,140,56,69,28,1.0,0.0
255,Jorge,Cuenca Barreno,Jorge J.Cuenca,Fulham,DEF,2026-09-06 15:09:00.155543+00:00,3,0,4.5,0.0,90,0,0,0,3,0,0,0,0,0,0,0,7,32.8,21.3,0.0,5.4,1.0,0,0.2,0.7,3.0,1319,1064,32,116,0.0,0.0,0.0,0.0,0.03,0.0,0.03,2.24,1,1,9,3,10,10.0,,127,56,121,37,363,159,156,58,,,,,,,0.0,0.0,0.03,0.03,2.24,3.0,484,119,249,93,122,49,531,184,1.0,0.0
257,Calvin,Bassey,Calvin Bassey,Fulham,DEF,2026-09-06 15:09:00.155543+00:00,3,1,4.5,0.7,270,0,0,0,7,0,0,0,1,0,0,0,16,33.2,6.4,2.0,4.2,1.0,0,0.2,0.7,1.0,15580,15673,518,1656,0.0,0.0,0.0,0.0,0.07,0.02,0.09,6.23,3,3,10,12,13,4.33,,124,55,199,64,220,82,189,72,,,,,,,0.01,0.0,0.02,0.03,2.08,2.33,475,112,248,92,282,109,224,84,1.0,0.0
589,Lucas,Gourna-Douath,Lucas Gourna-Douath,Hull City,MID,2026-09-06 15:09:00.155543+00:00,3,2,5.0,0.0,126,0,0,1,0,0,0,0,1,0,0,0,13,12.8,0.9,0.0,1.4,1.0,0,0.2,0.6,1.5,385,711,37,51,0.0,0.0,0.0,0.0,0.02,0.0,0.02,2.13,1,4,5,7,16,11.43,,218,88,286,145,516,200,284,127,,,,,,,0.0,0.0,0.01,0.01,1.52,0.0,311,186,255,113,240,107,549,225,0.71,0.71
241,Dwight,McNeil,Dwight McNeil,Crystal Palace,MID,2026-09-06 15:09:00.155543+00:00,3,0,5.4,0.1,84,0,0,0,3,0,0,0,0,0,0,0,13,10.0,5.0,2.0,1.7,1.0,0,0.2,0.6,1.5,1124,4718,112,408,-0.1,0.1,-0.1,0.1,0.02,0.05,0.07,1.18,1,0,4,3,7,7.5,,233,97,209,115,237,113,273,121,,,,,,,0.05,0.0,0.02,0.07,1.26,3.21,212,132,261,119,244,111,380,141,1.07,0.0
186,Ephron,Mason-Clark,Ephron Mason-Clark,Coventry City,MID,2026-09-06 15:09:00.155543+00:00,3,2,5.4,0.1,127,0,0,0,1,0,0,0,0,0,0,0,8,4.2,16.0,0.0,2.0,1.0,0,0.2,0.6,1.5,761,3869,44,203,-0.1,0.1,0.0,0.0,0.06,0.0,0.06,1.19,2,0,4,5,9,6.38,,284,131,143,85,567,233,259,116,,,,,,,0.0,0.0,0.04,0.04,0.84,0.71,208,129,260,118,243,110,428,170,1.42,0.0
90,Aaron,Hickey,Aaron Hickey,Brentford,DEF,2026-09-06 15:09:00.155543+00:00,3,1,4.5,0.1,61,0,0,0,1,0,0,0,0,0,0,0,8,4.0,4.4,0.0,0.8,1.0,0,0.2,0.7,1.0,1346,1574,70,142,0.0,0.0,0.0,0.0,0.02,0.0,0.02,1.46,0,2,4,4,6,8.85,,286,106,214,68,375,165,300,109,,,,,,,0.0,0.0,0.03,0.03,2.15,1.48,500,129,251,94,286,112,464,164,0.0,0.0
108,Callum,Wilson,Callum Wilson,Brentford,FWD,2026-09-06 15:09:00.155543+00:00,3,1,5.5,0.4,13,0,0,0,0,0,0,0,0,0,0,0,9,2.2,10.4,12.0,2.5,1.0,0,0.2,0.5,1.0,10647,13346,736,1254,0.0,0.0,0.0,0.0,0.04,0.07,0.11,0.15,0,0,1,1,2,13.85,,308,33,185,22,131,24,234,25,,,,,,,0.48,0.0,0.28,0.76,1.04,0.0,122,31,262,30,340,37,277,48,0.0,0.0
592,Abdoul,Ouattara,Abdoul Ouattara,Ipswich Town,DEF,2026-09-06 15:09:00.155543+00:00,3,1,4.0,0.9,39,0,0,0,1,0,0,0,0,0,0,0,7,5.8,10.6,0.0,1.6,1.0,0,0.2,0.8,1.0,7851,14008,681,981,0.0,0.0,0.0,0.0,0.02,0.0,0.02,0.89,0,0,2,3,2,4.62,,262,101,182,58,305,123,275,100,,,,,,,0.0,0.0,0.05,0.05,2.05,2.31,640,202,243,87,268,97,197,75,0.0,0.0
462,Sean,Steur,Sean Steur,Newcastle,MID,2026-09-06 15:09:00.155543+00:00,3,1,4.9,0.1,87,0,0,0,1,0,0,0,0,0,0,0,10,5.4,1.2,0.0,0.7,1.0,0,0.2,0.6,1.0,1439,3713,93,366,-0.1,0.1,-0.1,0.1,0.0,0.0,0.0,1.9,1,0,4,3,7,7.24,,265,118,277,142,466,173,305,138,,,,,,,0.0,0.0,0.0,0.0,1.97,1.03,417,254,253,112,302,128,445,176,1.03,0.0
584,Gustavo,Hamer,Gustavo Hamer,Coventry City,MID,2026-09-06 15:09:00.155543+00:00,3,1,5.5,0.1,32,0,0,0,1,0,0,0,0,0,0,0,6,0.6,1.8,0.0,0.3,1.0,0,0.2,0.5,1.0,577,3967,38,260,0.0,0.0,0.0,0.0,0.02,0.0,0.02,0.82,0,1,0,2,3,8.44,,330,151,257,134,591,246,330,153,3.0,,,,,,0.0,0.0,0.06,0.06,2.31,2.81,133,81,263,120,342,156,413,161,0.0,0.0
323,Kasey,McAteer,Kasey McAteer,Ipswich Town,MID,2026-09-06 15:09:00.155543+00:00,3,1,4.5,1.3,42,0,0,0,0,0,0,0,0,0,0,0,12,1.4,1.3,0.0,0.3,1.0,0,0.2,0.7,1.0,19264,30036,2023,2505,0.0,0.0,0.0,0.0,0.0,0.05,0.05,0.21,0,1,0,4,5,10.71,,317,143,272,139,371,130,324,148,,,,,,,0.11,0.0,0.0,0.11,0.45,0.0,495,264,250,110,284,120,163,51,0.0,0.0
160,Alejandro,Garnacho Ferreyra,Alejandro Garnacho,Aston Villa,MID,2026-09-06 15:09:00.155543+00:00,3,1,5.9,0.4,31,0,0,0,0,0,0,0,0,0,0,0,9,0.2,2.0,0.0,0.2,1.0,0,0.2,0.5,1.0,5010,24739,432,2083,-0.1,0.1,0.0,0.0,0.0,0.0,0.0,0.49,0,0,0,2,2,5.81,,338,157,251,131,624,270,338,157,,,,,,,0.0,0.0,0.0,0.0,1.42,0.0,107,68,273,126,357,166,263,88,0.0,0.0
526,Dominic,Solanke-Mitchell,Dominic Solanke,Spurs,FWD,2026-09-06 15:09:00.155543+00:00,3,1,5.9,1.0,43,0,0,0,0,0,0,0,0,0,0,0,8,3.2,0.3,11.0,1.5,1.0,0,0.2,0.5,1.0,17543,60500,1799,4344,-0.1,0.1,0.0,0.0,0.0,0.44,0.44,0.89,0,0,1,0,1,2.09,,300,30,319,40,142,25,278,33,,,,,1.0,,0.92,0.0,0.0,0.92,1.86,0.0,89,23,270,33,352,42,191,31,0.0,0.0
195,Ellis,Simms,Ellis Simms,Coventry City,FWD,2026-09-06 15:09:00.155543+00:00,3,1,5.0,0.8,88,0,0,0,3,0,0,0,0,0,0,0,10,2.6,12.3,2.0,1.7,1.0,0,0.2,0.6,1.5,31225,34399,1232,2795,0.0,0.0,0.0,0.0,0.01,0.3,0.31,2.55,1,0,1,2,3,3.07,,305,32,166,16,230,35,271,32,,,,,,,0.31,0.0,0.01,0.32,2.61,3.07,275,52,254,29,239,27,207,33,1.02,0.0
167,Liam,Delap,Liam Delap,Nott'm Forest,FWD,2026-09-06 15:09:00.155543+00:00,3,2,5.5,0.8,97,0,0,1,1,0,0,0,0,0,0,0,15,4.0,10.1,7.0,2.1,1.0,0,0.2,0.5,1.5,49730,21835,5044,2293,0.0,0.0,0.0,0.0,0.06,0.13,0.19,1.22,1,0,2,3,5,4.64,,290,28,187,24,179,31,255,30,,,,,3.0,,0.12,0.0,0.06,0.18,1.13,0.93,161,41,266,32,245,28,212,34,0.93,0.93
525,Mateus,Fernandes,Mateus Fernandes,Spurs,MID,2026-09-06 15:09:00.155543+00:00,3,0,5.9,1.1,142,0,0,0,3,0,0,0,1,0,0,0,33,21.2,73.5,3.0,9.7,1.0,0,0.2,0.5,1.0,9952,81396,481,7062,-0.1,0.1,0.0,0.0,0.23,0.01,0.24,2.94,1,4,0,6,10,6.34,,173,65,11,11,214,103,71,43,2.0,,,,,,0.01,0.0,0.15,0.16,1.86,1.9,110,70,274,127,358,167,177,55,0.63,0.0
611,Aaron,Wan-Bissaka,Aaron Wan-Bissaka,Aston Villa,DEF,2026-09-06 15:09:00.155543+00:00,2,1,4.5,0.2,17,0,0,0,0,0,0,0,0,0,0,0,7,3.6,0.8,0.0,0.4,1.0,0,0.2,0.4,1.0,8827,2192,645,405,0.0,0.0,0.0,0.0,0.0,0.0,0.0,0.35,0,2,1,0,3,15.88,,294,111,289,106,348,148,315,113,,,,,,,0.0,0.0,0.0,0.0,1.85,0.0,461,101,246,90,279,106,361,134,0.0,0.0
102,Yehor,Yarmoliuk,Yehor Yarmoliuk,Brentford,MID,2026-09-06 15:09:00.155543+00:00,2,0,4.9,0.9,89,0,0,0,2,0,0,0,1,0,0,0,12,5.2,13.3,7.0,2.6,0.7,0,0.1,0.4,0.7,2064,35513,243,3028,-0.1,0.1,0.0,0.0,0.03,0.07,0.1,2.78,0,3,2,6,11,11.12,,268,120,159,96,168,81,228,101,,,,,,,0.07,0.0,0.03,0.1,2.81,2.02,407,246,294,133,373,177,202,62,0.0,0.0
616,Ayyoub,Bouaddi,Ayyoub Bouaddi,Man City,MID,2026-09-06 15:09:00.155543+00:00,2,1,5.5,0.2,22,0,0,0,0,0,0,0,0,0,0,0,8,1.8,4.3,0.0,0.6,1.0,0,0.2,0.4,1.0,13332,4634,978,1027,0.0,0.0,0.0,0.0,0.12,0.0,0.12,0.37,0,0,3,3,6,24.55,,314,140,215,118,613,264,309,141,,,,,,,0.0,0.0,0.49,0.49,1.51,0.0,193,119,269,124,350,162,362,133,0.0,0.0
271,Rodrigo,Muniz Carvalho,Rodrigo Muniz,Fulham,FWD,2026-09-06 15:09:00.155543+00:00,2,1,5.5,0.5,15,0,0,0,0,0,0,0,0,0,0,0,11,6.0,11.5,7.0,2.5,0.7,0,0.1,0.4,1.0,7745,19766,524,1548,0.0,0.0,0.0,0.0,0.0,0.4,0.4,0.03,0,0,1,0,1,6.0,,261,23,175,18,177,30,235,26,,,,,,,2.4,0.0,0.0,2.4,0.18,0.0,148,38,317,38,344,39,259,45,0.0,0.0
64,Adam,Smith,Adam Smith,Bournemouth,DEF,2026-09-06 15:09:00.155543+00:00,2,0,4.5,0.1,270,0,0,0,5,0,0,0,2,0,0,0,12,22.6,16.3,0.0,3.9,0.7,0,0.2,0.4,0.7,4710,3442,235,333,0.0,0.0,0.0,0.0,0.06,0.01,0.07,4.8,3,4,11,9,15,5.0,,165,77,142,44,322,139,195,73,,,,,,,0.0,0.0,0.02,0.02,1.6,1.67,424,81,283,100,371,129,390,145,1.0,0.0
331,Gabriel,Gudmundsson,Gabriel Gudmundsson,Leeds,DEF,2026-09-06 15:09:00.155543+00:00,2,2,4.5,0.0,90,0,0,0,1,0,0,0,0,0,0,0,9,0.0,0.0,0.0,0.0,0.7,0,0.2,0.4,2.0,906,1477,196,94,0.0,0.0,0.0,0.0,0.0,0.0,0.0,2.19,1,3,2,9,5,5.0,,425,170,422,170,359,155,435,170,,,,,,,0.0,0.0,0.0,0.0,2.19,1.0,479,114,286,102,193,76,498,174,1.0,0.0
600,Ibrahim,Osman,Ibrahim Osman,Brighton,MID,2026-09-06 15:09:00.155543+00:00,2,0,5.0,0.0,28,0,0,0,1,0,0,0,0,0,0,0,13,7.2,16.7,6.0,3.0,0.7,0,0.1,0.4,1.0,571,478,41,53,0.0,0.0,0.0,0.0,0.06,0.0,0.06,0.1,0,1,0,2,3,9.64,,251,110,139,84,189,93,219,97,,,,,,,0.0,0.0,0.19,0.19,0.32,3.21,367,224,308,140,324,144,573,236,0.0,0.0
596,Matteo,Ruggeri,Matteo Ruggeri,Aston Villa,DEF,2026-09-06 15:09:00.155543+00:00,2,1,4.5,0.1,23,0,0,0,0,0,0,0,0,0,0,0,6,4.0,0.0,0.0,0.4,0.7,0,0.2,0.4,1.0,1652,3105,60,280,0.0,0.0,0.0,0.0,0.01,0.0,0.01,0.49,0,2,1,2,3,11.74,,287,107,436,177,378,166,316,114,,,,,,,0.0,0.0,0.04,0.04,1.92,0.0,506,133,290,106,288,114,429,150,0.0,0.0
583,Pep,Chavarría,Pep Chavarria,Chelsea,DEF,2026-09-06 15:09:00.155543+00:00,2,0,4.9,0.2,43,0,0,0,1,0,0,0,0,0,0,0,4,8.8,0.5,2.0,1.2,0.7,0,0.1,0.4,1.0,1880,7051,135,416,-0.1,0.1,-0.1,0.1,0.02,0.0,0.02,0.37,0,1,3,2,4,8.37,,239,97,307,115,225,85,287,104,,,,,,,0.0,0.0,0.04,0.04,0.77,2.09,405,75,293,107,296,118,351,129,0.0,0.0
617,Mohamed-Ali,Cho,Mohamed-Ali Cho,Hull City,MID,2026-09-06 15:09:00.155543+00:00,2,1,5.0,0.0,15,0,0,0,0,0,0,0,0,0,0,0,8,0.4,0.3,0.0,0.1,1.0,0,0.2,0.4,1.0,786,236,90,45,0.0,0.0,0.0,0.0,0.0,0.05,0.05,0.18,0,0,0,0,0,0.0,,332,152,314,159,525,206,344,161,,,,,,,0.3,0.0,0.0,0.3,1.08,0.0,323,193,256,114,315,136,608,258,0.0,0.0
56,Tammy,Abraham,Tammy Abraham,Aston Villa,FWD,2026-09-06 15:09:00.155543+00:00,2,1,5.5,0.2,24,0,0,0,0,0,0,0,0,0,0,0,6,0.0,1.3,0.0,0.1,0.7,0,0.1,0.4,1.0,6799,5996,1277,562,0.0,0.0,0.0,0.0,0.0,0.0,0.0,0.37,0,1,0,0,1,3.75,,604,64,276,36,589,66,347,40,,,,,,,0.0,0.0,0.0,0.0,1.39,0.0,130,34,316,37,341,38,364,56,0.0,0.0
457,Jacob,Murphy,Jacob J.Murphy,Newcastle,MID,2026-09-06 15:09:00.155543+00:00,2,1,5.9,0.1,35,0,0,0,1,0,0,0,1,0,0,0,7,2.2,3.2,4.0,0.8,0.7,0,0.1,0.3,0.7,2102,6631,270,477,-0.1,0.1,0.0,0.0,0.2,0.0,0.2,1.46,0,1,1,4,6,15.43,,309,139,227,124,206,99,304,137,2.0,,,,,,0.0,0.0,0.51,0.51,3.75,2.57,88,57,320,148,376,179,387,142,0.0,0.0
113,Ferdi,Kadıoğlu,Ferdi F.Kadıoğlu,Brighton,DEF,2026-09-06 15:09:00.155543+00:00,2,2,4.4,1.9,167,0,0,0,5,0,0,0,0,0,0,0,4,2.8,16.7,8.0,2.8,0.7,0,0.2,0.5,1.0,16730,88647,1426,4610,-0.1,0.1,0.0,0.0,0.02,0.08,0.1,5.33,2,1,4,4,5,2.69,,302,114,138,42,158,53,222,86,3.0,,,,,,0.04,0.0,0.01,0.05,2.87,2.69,571,155,281,98,271,100,131,54,1.08,0.0
406,Mateo,Kovačić,Mateo Kovačić,Man City,MID,2026-09-06 15:09:00.155543+00:00,2,0,5.4,0.1,42,0,0,0,0,0,0,0,0,0,0,0,12,4.2,5.2,0.0,0.9,0.7,0,0.1,0.4,1.0,1632,3778,156,342,-0.1,0.1,-0.1,0.1,0.02,0.0,0.02,0.1,0,0,0,2,2,4.29,,283,130,208,114,560,227,297,134,,,,,,,0.0,0.0,0.04,0.04,0.21,0.0,196,120,310,142,327,146,446,177,0.0,0.0
34,Pau,Torres,Pau Pau,Aston Villa,DEF,2026-09-06 15:09:00.155543+00:00,2,0,4.5,0.4,163,0,0,0,5,0,0,0,0,0,0,0,-8,11.0,1.5,0.0,1.2,0.7,0,0.2,0.4,1.0,7466,10490,380,1094,0.0,0.0,0.0,0.0,0.01,0.0,0.01,4.59,2,1,8,9,9,4.97,,229,94,265,91,361,157,286,103,,,,,,,0.0,0.0,0.01,0.01,2.53,2.76,482,117,287,103,283,110,265,97,1.1,0.0
281,Cody,Drameh,Cody Drameh,Hull City,DEF,2026-09-06 15:09:00.155543+00:00,2,0,4.0,0.1,65,0,0,0,0,0,0,0,0,0,0,0,8,6.4,0.4,1.0,0.8,0.7,0,0.2,0.5,1.0,2118,2626,0,540,0.0,0.0,0.0,0.0,0.0,0.05,0.05,0.87,0,1,5,4,6,8.31,Has joined Genoa permanently,256,100,311,117,247,90,299,108,,,,,,,0.07,0.0,0.0,0.07,1.2,0.0,610,178,279,96,265,94,484,171,0.0,0.0
490,Chris,Wood,Chris Wood,Nott'm Forest,FWD,2026-09-06 15:09:00.155543+00:00,2,1,5.9,1.2,44,0,0,0,1,0,0,0,0,0,0,0,6,0.0,2.4,3.0,0.4,0.7,0,0.1,0.3,1.0,13818,76918,1469,4659,-0.1,0.1,0.0,0.0,0.01,0.12,0.13,0.4,0,0,0,1,1,2.05,,623,69,236,33,213,34,320,37,,,,,2.0,,0.25,0.0,0.02,0.27,0.82,2.05,87,22,319,39,351,41,175,27,0.0,0.0
608,Daniel,Jebbison,Daniel Jebbison,Bournemouth,FWD,2026-09-06 15:09:00.155543+00:00,2,1,5.0,0.1,16,0,0,0,2,0,0,0,0,0,0,0,10,3.4,0.8,17.0,2.1,0.7,0,0.1,0.4,1.0,7862,2776,875,357,0.0,0.0,0.0,0.0,0.0,0.1,0.1,0.36,0,0,0,1,1,5.62,,297,29,292,37,103,21,254,29,,,,,,,0.56,0.0,0.0,0.56,2.02,11.25,344,60,306,35,319,34,432,62,0.0,0.0
119,João Pedro,Loureiro da Costa,João Pedro Costinha,Brighton,DEF,2026-09-06 15:09:00.155543+00:00,2,1,4.5,0.0,48,0,0,0,0,0,0,0,1,0,0,0,13,8.2,2.2,18.0,2.8,0.7,0,0.2,0.4,0.7,726,748,41,50,0.0,0.0,0.0,0.0,0.16,0.12,0.28,0.24,0,1,4,0,5,9.38,,244,98,239,79,95,26,224,87,,,,,,,0.22,0.0,0.3,0.52,0.45,0.0,493,126,288,104,372,130,522,181,0.0,0.0
488,Ibrahim,Sangaré,Ibrahim I.Sangaré,Nott'm Forest,MID,2026-09-06 15:09:00.155543+00:00,2,0,4.9,0.6,90,0,0,0,1,0,0,0,0,0,0,0,10,17.8,13.0,3.0,3.4,0.7,0,0.1,0.4,2.0,5468,48039,801,1583,-0.1,0.1,0.0,0.0,0.01,0.03,0.04,0.47,1,0,3,3,6,6.0,,190,73,160,97,210,101,209,93,,,,,,,0.03,0.0,0.01,0.04,0.47,1.0,386,234,291,132,196,83,241,81,1.0,0.0
289,Matt,Crooks,Matt Crooks,Hull City,MID,2026-09-06 15:09:00.155543+00:00,2,0,4.5,0.5,90,0,0,1,0,0,0,0,1,0,0,0,9,19.0,2.4,0.0,2.1,0.7,0,0.2,0.4,2.0,13246,22956,220,2016,0.0,0.0,0.0,0.0,0.0,0.0,0.0,1.83,1,4,4,1,9,9.0,Thigh injury - 75% chance of playing,182,70,234,126,329,124,250,113,,,,,,,0.0,0.0,0.0,0.0,1.83,0.0,432,257,284,131,186,82,244,82,1.0,1.0
420,Leny,Yoro,Leny Yoro,Man Utd,DEF,2026-09-06 15:09:00.155543+00:00,2,1,4.9,0.5,22,0,0,0,2,0,0,0,0,0,0,0,-1,1.8,1.8,0.0,0.4,0.7,0,0.1,0.4,1.0,3582,23419,311,1479,-0.1,0.1,0.0,0.0,0.02,0.0,0.02,1.09,0,2,3,1,5,20.45,,313,118,254,86,461,189,317,115,,,,,,,0.0,0.0,0.08,0.08,4.46,8.18,412,77,295,108,298,119,245,91,0.0,0.0
52,Alysson Edward Franco,da Rocha dos Santos,Alysson Edward Franco Alysson,Aston Villa,MID,2026-09-06 15:09:00.155543+00:00,2,1,5.0,0.0,42,0,0,0,0,0,0,0,1,0,0,0,10,5.2,0.8,2.0,0.8,0.7,0,0.1,0.4,0.7,1278,1681,108,156,0.0,0.0,0.0,0.0,0.0,0.0,0.0,0.51,0,2,1,3,6,12.86,,270,122,293,148,236,112,301,135,,,,,,,0.0,0.0,0.0,0.0,1.09,0.0,374,227,309,141,375,178,501,204,0.0,0.0
478,Luca,Netz,Luca Netz,Nott'm Forest,DEF,2026-09-06 15:09:00.155543+00:00,2,0,4.5,0.0,20,0,0,0,1,0,0,0,0,0,0,0,3,2.0,0.9,0.0,0.3,0.7,0,0.2,0.4,1.0,307,838,27,78,0.0,0.0,0.0,0.0,0.0,0.0,0.0,0.13,0,1,0,1,1,4.5,,312,117,283,102,374,164,325,117,,,,,,,0.0,0.0,0.0,0.0,0.58,4.5,499,128,289,105,285,111,530,183,0.0,0.0
306,Jacob,Greaves,Jacob Greaves,Ipswich Town,DEF,2026-09-06 15:09:00.155543+00:00,2,1,4.0,1.3,270,0,0,0,8,1,0,0,1,0,0,0,5,34.8,2.6,0.0,3.8,0.7,0,0.2,0.5,0.7,4747,18801,433,1417,0.0,0.0,0.0,0.0,0.05,0.0,0.05,6.12,3,5,19,8,24,8.0,,118,54,232,74,284,106,199,76,,,,,,,0.0,0.0,0.02,0.02,2.04,2.67,615,181,280,97,370,128,162,65,1.0,0.0
262,Emile,Smith Rowe,Emile Smith Rowe,Fulham,MID,2026-09-06 15:09:00.155543+00:00,2,1,5.4,0.3,25,0,0,0,0,0,0,0,0,0,0,0,8,5.2,22.8,7.0,3.5,0.7,0,0.1,0.4,1.0,3070,12375,231,1101,-0.1,0.1,-0.1,0.1,0.02,0.06,0.08,0.41,0,0,0,1,1,3.6,,271,123,113,69,175,86,208,92,,,,,,,0.22,0.0,0.07,0.29,1.48,0.0,201,124,311,143,328,147,295,102,0.0,0.0
263,Kevin,Santos Lopes de Macedo,Kevin Kevin,Fulham,MID,2026-09-06 15:09:00.155543+00:00,2,0,5.4,0.0,24,0,0,0,0,0,0,0,0,0,0,0,4,5.2,3.4,0.0,0.8,0.7,0,0.1,0.4,1.0,1049,2486,77,282,-0.1,0.1,0.0,0.0,0.05,0.0,0.05,0.2,0,2,0,1,3,11.25,,272,124,224,121,581,243,303,136,4.0,,,,,,0.0,0.0,0.19,0.19,0.75,0.0,230,145,315,146,336,153,500,203,0.0,0.0
188,Victor,Torp,Victor Torp,Coventry City,MID,2026-09-06 15:09:00.155543+00:00,2,0,5.4,0.1,47,0,0,0,1,0,0,0,0,0,0,0,10,6.8,20.0,0.0,2.6,0.7,0,0.1,0.4,1.0,667,5100,18,304,-0.1,0.1,0.0,0.0,0.12,0.0,0.12,1.01,0,0,1,2,3,5.74,,255,113,128,77,566,232,229,102,2.0,,2.0,,2.0,,0.0,0.0,0.23,0.23,1.93,1.91,206,127,312,144,329,148,399,152,0.0,0.0
28,Emiliano,Martínez Romero,Emiliano Martinez,Chelsea,GKP,2026-09-06 15:09:00.155543+00:00,2,0,5.0,4.6,90,0,0,0,3,0,0,0,0,0,4,0,18,36.2,20.0,0.0,5.6,0.7,0,0.1,0.4,2.0,118183,128388,20419,8211,0.0,0.0,0.0,0.0,0.01,0.0,0.01,1.41,1,0,1,13,0,0.0,,113,12,126,1,473,57,151,8,,,,,,,0.0,4.0,0.01,0.01,1.41,3.0,244,7,298,21,198,18,78,11,1.0,0.0
381,Lewis,Koumas,Lewis Koumas,Liverpool,MID,2026-09-06 15:09:00.155543+00:00,2,1,5.0,0.0,13,0,0,0,0,0,0,0,0,0,0,0,7,1.2,0.5,7.0,0.9,0.7,0,0.1,0.4,1.0,363,676,46,88,0.0,0.0,0.0,0.0,0.0,0.03,0.03,0.58,0,0,0,1,1,6.92,,323,146,308,155,171,83,296,133,,,,,,,0.21,0.0,0.0,0.21,4.02,0.0,340,203,305,138,317,138,553,227,0.0,0.0
19,Martín,Zubimendi Ibáñez,Martín Zubimendi,Arsenal,MID,2026-09-06 15:09:00.155543+00:00,2,0,5.4,0.8,27,0,0,0,0,0,0,0,0,0,0,0,8,8.6,3.2,0.0,1.2,0.7,0,0.1,0.4,1.0,5614,42846,550,2237,-0.1,0.1,0.0,0.0,0.02,0.0,0.02,0.15,0,3,0,2,5,16.67,,241,101,226,123,575,237,288,129,,,,,,,0.0,0.0,0.07,0.07,0.5,0.0,221,137,313,145,332,150,220,72,0.0,0.0
207,Oscar,Mingueza,Oscar Mingueza,Crystal Palace,DEF,2026-09-06 15:09:00.155543+00:00,2,1,4.4,0.1,16,0,0,0,1,0,0,0,0,0,0,0,5,2.2,0.1,0.0,0.2,0.7,0,0.2,0.5,1.0,1145,2782,176,191,-0.1,0.1,0.0,0.0,0.0,0.0,0.0,0.33,0,2,0,1,2,11.25,,306,115,325,120,320,137,331,118,,,,,,,0.0,0.0,0.0,0.0,1.86,5.62,572,156,282,99,272,101,473,168,0.0,0.0
72,Ben,Gannon-Doak,Ben Gannon-Doak,Bournemouth,MID,2026-09-06 15:09:00.155543+00:00,2,1,5.0,0.1,2,0,0,0,1,0,0,0,0,0,0,0,6,0.2,0.1,2.0,0.2,0.7,0,0.1,0.4,1.0,824,2616,75,234,0.0,0.0,0.0,0.0,0.0,0.02,0.02,0.24,0,1,0,2,3,135.0,,336,155,328,166,233,110,335,155,,,,,,,0.9,0.0,0.0,0.9,10.8,45.0,328,195,304,137,316,137,474,187,0.0,0.0
621,Ryan,McAidoo,Ryan McAidoo,Man City,MID,2026-09-06 15:09:00.155543+00:00,2,1,4.5,0.1,11,0,0,0,0,0,0,0,0,0,0,0,8,0.0,0.5,1.0,0.1,1.0,0,0.2,0.4,1.0,7976,2503,1298,577,0.0,0.0,0.0,0.0,0.0,0.1,0.1,0.02,0,2,0,2,4,32.73,,480,182,306,154,249,121,342,159,,,,,,,0.82,0.0,0.0,0.82,0.16,0.0,558,285,252,111,291,121,422,166,0.0,0.0
75,Ryan,Christie,Ryan Christie,Bournemouth,MID,2026-09-06 15:09:00.155543+00:00,2,1,5.0,0.0,4,0,0,0,1,0,0,0,0,0,0,0,8,2.8,0.3,0.0,0.3,0.7,0,0.1,0.4,1.0,1738,830,140,118,0.0,0.0,0.0,0.0,0.0,0.0,0.0,0.13,0,1,0,1,2,45.0,,303,136,313,158,481,182,326,149,6.0,,,,,,0.0,0.0,0.0,0.0,2.92,22.5,253,156,301,136,306,131,545,222,0.0,0.0
548,Chris,Rigg,Chris Rigg,Sunderland,MID,2026-09-06 15:09:00.155543+00:00,2,0,5.0,0.1,17,0,0,0,1,0,0,0,0,0,0,0,6,0.0,0.3,0.0,0.0,0.7,0,0.1,0.4,1.0,263,1616,21,134,0.0,0.0,0.0,0.0,0.0,0.0,0.0,0.44,0,0,0,1,1,5.29,,571,238,315,160,546,219,579,241,,,,,,,0.0,0.0,0.0,0.0,2.33,5.29,356,216,307,139,321,141,490,197,0.0,0.0
203,Jaydee,Canvot,Jaydee Canvot,Crystal Palace,DEF,2026-09-06 15:09:00.155543+00:00,2,1,4.9,0.3,270,0,0,0,8,0,0,0,0,0,0,0,12,50.2,6.2,5.0,6.1,0.7,0,0.1,0.4,0.7,3041,10570,512,784,-0.1,0.1,0.0,0.0,0.01,0.05,0.06,6.47,3,7,17,6,24,8.0,,54,17,201,65,194,68,143,54,,,,,,,0.02,0.0,0.0,0.02,2.16,2.67,419,78,297,109,374,131,313,114,1.0,0.0
501,Kevin,Danso,Kevin Danso,Sunderland,DEF,2026-09-06 15:09:00.155543+00:00,2,2,5.0,0.2,90,0,0,0,1,0,0,0,0,0,0,0,9,0.0,0.0,0.0,0.0,0.7,0,0.1,0.4,2.0,2743,6109,416,365,0.0,0.0,0.0,0.0,0.08,0.0,0.08,1.21,1,1,7,3,8,8.0,,521,198,523,198,477,191,530,198,,,,,,,0.0,0.0,0.08,0.08,1.21,1.0,248,38,300,110,199,78,357,133,1.0,0.0
74,David,Brooks,David Brooks,Bournemouth,MID,2026-09-06 15:09:00.155543+00:00,2,1,5.0,0.1,23,0,0,0,2,0,0,0,0,0,0,0,5,0.0,1.6,0.0,0.1,0.7,0,0.1,0.4,1.0,2089,1866,191,167,0.0,0.0,0.0,0.0,0.01,0.0,0.01,0.39,0,0,0,0,0,0.0,,519,206,263,137,475,178,343,160,4.0,,3.0,,,,0.0,0.0,0.04,0.04,1.53,7.83,246,152,299,135,304,130,489,196,0.0,0.0
512,Mohammed,Kudus,Mohammed Kudus,Spurs,MID,2026-09-06 15:09:00.155543+00:00,2,1,6.5,0.1,51,0,0,0,1,0,0,0,0,0,0,0,17,1.2,3.3,11.0,1.6,0.7,0,0.1,0.3,1.0,5564,5024,696,545,0.0,0.0,0.0,0.0,0.17,0.04,0.21,0.67,0,0,0,5,5,8.82,,326,148,225,122,145,72,276,123,6.0,,3.0,,3.0,,0.07,0.0,0.3,0.37,1.18,1.76,41,28,327,153,367,174,403,154,0.0,0.0
238,Jack,Grealish,Jack Grealish,Everton,MID,2026-09-06 15:09:00.155543+00:00,2,1,6.5,0.3,32,0,0,0,1,0,0,0,0,0,0,0,9,1.0,0.6,0.0,0.2,0.7,0,0.1,0.3,1.0,14527,9074,3804,1139,0.0,0.0,0.0,0.0,0.13,0.02,0.15,0.3,0,2,0,0,2,5.62,,328,150,303,153,642,283,339,158,,,,,,,0.06,0.0,0.37,0.43,0.84,2.81,34,22,326,152,366,173,292,100,0.0,0.0
144,Malo,Gusto,Malo Gusto,Chelsea,DEF,2026-09-06 15:09:00.155543+00:00,2,0,5.0,1.1,165,0,0,0,5,0,0,0,0,0,0,0,1,15.0,10.5,6.0,3.2,0.7,0,0.1,0.4,1.0,25420,34763,2169,2295,0.0,0.0,0.0,0.0,0.04,0.0,0.04,2.52,2,2,6,7,8,4.36,,207,88,183,59,187,65,213,83,,,,,,,0.0,0.0,0.02,0.02,1.37,2.73,314,56,303,112,313,124,179,70,1.09,0.0
42,Evann,Guessand,Evann Guessand,Crystal Palace,MID,2026-09-06 15:09:00.155543+00:00,2,0,5.5,0.0,54,0,0,0,1,0,0,0,0,0,0,0,6,5.4,2.1,7.0,1.5,0.7,0,0.1,0.4,1.0,1277,1835,238,234,0.0,0.0,0.0,0.0,0.03,0.03,0.06,0.34,0,1,1,0,2,3.33,,266,119,247,129,180,89,277,124,,,,,,,0.05,0.0,0.05,0.1,0.57,1.67,171,104,318,147,346,158,503,205,0.0,0.0
17,Mikel,Merino Zazón,Mikel Merino,Arsenal,MID,2026-09-06 15:09:00.155543+00:00,2,0,5.9,0.5,33,0,0,0,0,0,0,0,0,0,0,0,12,6.4,2.2,14.0,2.3,0.7,0,0.1,0.3,1.0,6077,31081,594,1955,-0.1,0.1,0.0,0.0,0.02,0.14,0.16,0.15,0,0,0,6,6,16.36,,258,115,241,128,121,61,244,109,,,,,,,0.38,0.0,0.05,0.43,0.41,0.0,91,59,321,149,353,163,252,84,0.0,0.0
527,Richarlison,de Andrade,Richarlison Richarlison,Spurs,FWD,2026-09-06 15:09:00.155543+00:00,2,0,5.9,1.4,67,0,0,0,3,0,0,0,0,0,0,0,6,0.0,2.2,0.0,0.2,0.7,0,0.1,0.3,2.0,21439,192097,0,21397,-0.1,0.1,0.0,0.0,0.0,0.0,0.0,3.02,1,0,1,0,1,1.34,not included in squad.,626,71,242,34,619,72,337,39,,,,,,,0.0,0.0,0.0,0.0,4.06,4.03,94,25,322,40,217,21,155,23,1.34,0.0
415,Patrick,Dorgu,Patrick Dorgu,Man Utd,MID,2026-09-06 15:09:00.155543+00:00,2,1,5.9,0.7,75,0,0,0,5,0,0,0,1,0,0,0,-4,7.0,12.9,55.0,6.5,0.7,0,0.1,0.3,0.7,8447,69343,500,3997,-0.1,0.1,0.0,0.0,0.05,0.65,0.7,2.28,1,2,3,1,6,7.2,,253,112,162,98,28,18,136,69,,,,,,,0.78,0.0,0.06,0.84,2.74,6.0,112,72,323,150,377,180,225,73,1.2,0.0
223,Jean-Philippe,Mateta,Jean-Philippe Mateta,Crystal Palace,FWD,2026-09-06 15:09:00.155543+00:00,2,0,6.4,2.2,62,0,0,0,2,0,0,0,0,0,0,0,-3,1.4,12.3,11.0,2.5,0.7,0,0.1,0.3,2.0,25266,361014,88,18053,-0.1,0.1,0.0,0.0,0.02,0.7,0.72,0.98,1,2,1,2,5,7.26,Hamstring injury - Expected back 11 Oct,319,35,167,17,144,27,237,27,,,,,1.0,,1.02,0.0,0.03,1.05,1.42,2.9,50,12,324,41,220,23,120,18,1.45,0.0
375,Trey,Nyoni,Trey Nyoni,Liverpool,MID,2026-09-06 15:09:00.155543+00:00,2,1,4.9,0.0,19,0,0,0,0,0,0,0,0,0,0,0,6,6.4,2.2,0.0,0.9,0.7,0,0.1,0.4,1.0,786,1669,144,174,-0.1,0.1,-0.1,0.1,0.0,0.0,0.0,0.22,0,2,1,2,5,23.68,,257,114,240,127,464,171,295,132,,,,,,,0.0,0.0,0.0,0.0,1.04,0.0,415,252,296,134,300,126,517,213,0.0,0.0
644,Quinten,Timber,Quinten Timber,Crystal Palace,MID,2026-09-06 15:09:00.155543+00:00,2,2,5.0,0.0,73,0,0,0,2,0,0,0,0,0,0,0,8,0.0,0.0,0.0,0.0,2.0,0,0.4,0.4,2.0,1115,177,459,77,0.0,0.0,0.0,0.0,0.0,0.02,0.02,2.57,1,1,2,3,6,7.4,,542,219,547,226,508,196,550,222,,,,,,,0.02,0.0,0.0,0.02,3.17,2.47,300,180,178,78,204,87,593,249,1.23,0.0
14,Eberechi,Eze,Eberechi Eze,Arsenal,MID,2026-09-06 15:09:00.155543+00:00,2,0,6.4,1.4,59,0,0,0,0,0,0,0,0,0,0,0,10,1.6,3.8,3.0,0.7,0.7,0,0.1,0.3,1.0,15428,89416,1441,4352,-0.1,0.1,0.0,0.0,0.07,0.04,0.11,0.39,0,0,0,5,5,7.63,,316,142,220,120,215,104,307,140,,,3.0,,,,0.06,0.0,0.11,0.17,0.59,0.0,51,35,325,151,364,171,154,48,0.0,0.0
248,Norberto Bercique,Gomes Betuncal,Norberto Bercique Beto,Everton,FWD,2026-09-06 15:09:00.155543+00:00,2,0,5.4,1.3,31,0,0,0,0,0,0,0,0,0,0,0,5,3.0,0.3,5.0,0.8,0.7,0,0.1,0.4,1.0,16222,144701,0,19759,-0.1,0.1,0.0,0.0,0.0,0.09,0.09,1.92,0,0,1,0,1,2.9,Has joined Fiorentina permanently,301,31,316,38,195,33,302,36,,,,,,,0.26,0.0,0.0,0.26,5.57,0.0,222,50,314,36,333,36,157,24,0.0,0.0
140,Robert,Lynch Sánchez,Robert Sánchez,Chelsea,GKP,2026-09-06 15:09:00.155543+00:00,2,0,4.9,1.2,90,0,0,0,2,0,0,0,0,0,4,0,6,21.4,0.0,0.0,2.1,0.7,0,0.1,0.4,2.0,10847,125884,0,14331,-0.1,0.1,0.0,0.0,0.01,0.0,0.01,1.33,1,0,1,5,0,0.0,Has joined Como on loan for the rest of the season,172,18,497,53,444,52,252,18,,,,,,,0.0,4.0,0.01,0.01,1.33,2.0,387,19,292,20,197,17,172,25,1.0,0.0
253,Joachim,Andersen,Joachim Andersen,Fulham,DEF,2026-09-06 15:09:00.155543+00:00,2,1,5.0,0.1,180,0,0,0,4,0,0,0,1,0,0,0,12,17.8,12.9,2.0,3.3,0.7,0,0.1,0.4,1.0,8686,3231,530,463,0.0,0.0,0.0,0.0,0.1,0.0,0.1,3.99,2,2,13,9,15,7.5,,191,82,161,48,228,86,211,82,,,,,,,0.0,0.0,0.05,0.05,2.0,2.0,259,40,302,111,307,121,385,142,1.0,0.0
577,Takehiro,Tomiyasu,Takehiro Tomiyasu,Crystal Palace,DEF,2026-09-06 15:09:00.155543+00:00,2,0,4.5,0.3,91,0,0,0,3,0,0,0,0,0,0,0,0,15.0,3.7,2.0,2.1,0.7,0,0.2,0.4,1.0,2354,6695,147,598,0.0,0.0,0.0,0.0,0.01,0.0,0.01,2.15,1,1,8,4,9,8.9,,206,87,221,70,218,80,251,93,,,,,,,0.0,0.0,0.01,0.01,2.13,2.97,467,106,285,101,280,107,288,108,0.99,0.0
642,Sorba,Thomas,Sorba Thomas,Hull City,MID,2026-09-06 15:09:00.155543+00:00,1,1,5.5,0.0,27,0,0,0,0,0,0,0,0,0,0,0,5,0.0,0.0,0.0,0.0,1.0,0,0.2,0.2,1.0,677,107,231,49,0.0,0.0,0.0,0.0,0.04,0.0,0.04,0.12,0,0,0,1,1,3.33,,609,262,613,263,598,252,614,263,,,,,,,0.0,0.0,0.13,0.13,0.4,0.0,147,89,264,121,343,157,613,262,0.0,0.0
461,Bazoumana,Touré,Bazoumana Touré,Newcastle,MID,2026-09-06 15:09:00.155543+00:00,1,0,5.9,0.1,1,0,0,0,0,0,0,0,0,0,0,0,3,0.0,0.0,0.0,0.0,0.3,0,0.1,0.2,1.0,1258,11506,88,818,-0.1,0.1,0.0,0.0,0.0,0.0,0.0,0.0,0,0,0,0,0,0.0,,631,276,631,276,626,272,632,276,,,,,,,0.0,0.0,0.0,0.0,0.0,0.0,113,73,377,177,359,168,368,136,0.0,0.0
389,Matheus,Nunes,Matheus Matheus N.,Man City,DEF,2026-09-06 15:09:00.155543+00:00,1,0,5.9,1.0,33,0,0,0,0,0,0,0,0,0,0,0,4,3.8,1.5,4.0,0.9,0.3,0,0.1,0.2,1.0,3942,58587,432,2675,-0.1,0.1,0.0,0.0,0.04,0.0,0.04,0.1,0,0,1,2,1,2.73,,293,110,266,92,208,75,298,107,,,,,4.0,,0.0,0.0,0.11,0.11,0.27,0.0,103,10,376,135,356,127,195,74,0.0,0.0
157,Estêvão,Almeida de Oliveira Gonçalves,Estêvão Estêvão,Chelsea,MID,2026-09-06 15:09:00.155543+00:00,1,0,6.4,0.8,7,0,0,0,0,0,0,0,0,0,0,0,3,0.2,0.4,0.0,0.1,0.3,0,0.0,0.2,1.0,9726,61715,676,3179,-0.1,0.1,0.0,0.0,0.0,0.0,0.0,0.09,0,0,0,1,1,12.86,,339,158,312,157,641,282,348,163,5.0,,,,3.0,,0.0,0.0,0.0,0.0,1.16,0.0,53,37,382,180,365,172,215,68,0.0,0.0
201,Daniel,Muñoz Mejía,Daniel Muñoz,Nott'm Forest,DEF,2026-09-06 15:09:00.155543+00:00,1,1,5.4,6.3,85,0,0,0,2,0,0,0,0,0,0,0,1,1.2,1.8,21.0,2.4,0.3,0,0.1,0.2,0.5,41978,326624,3073,19480,-0.1,0.1,0.0,0.0,0.01,0.26,0.27,1.1,1,2,3,1,5,5.29,,324,121,256,88,85,21,240,89,,,,,,,0.28,0.0,0.01,0.29,1.16,2.12,209,29,366,133,382,135,63,25,1.06,0.0
308,Darnell,Furlong,Darnell Furlong,Ipswich Town,DEF,2026-09-06 15:09:00.155543+00:00,1,0,4.0,0.5,17,0,0,0,1,0,0,0,0,0,0,0,-1,5.0,0.5,0.0,0.6,0.3,0,0.1,0.2,1.0,963,9676,82,712,0.0,0.0,0.0,0.0,0.0,0.0,0.0,0.86,0,1,2,0,3,15.88,,274,103,305,114,270,97,308,110,,,,,,,0.0,0.0,0.0,0.0,4.55,5.29,597,168,332,117,264,93,249,94,0.0,0.0
559,Aladji,Bamba,Aladji Bamba,Newcastle,MID,2026-09-06 15:09:00.155543+00:00,1,0,4.9,0.1,14,0,0,0,1,0,0,0,0,0,0,0,5,4.0,0.0,0.0,0.4,0.3,0,0.1,0.2,1.0,1689,4692,165,403,-0.1,0.1,-0.1,0.1,0.0,0.0,0.0,1.04,0,1,1,0,2,12.86,,288,132,515,211,465,172,318,145,,,,,,,0.0,0.0,0.0,0.0,6.69,6.43,416,253,349,159,301,127,412,160,0.0,0.0
578,Mykhailo,Mudryk,Mykhailo Mudryk,Spurs,MID,2026-09-06 15:09:00.155543+00:00,1,1,5.4,0.1,16,0,0,0,0,0,0,0,0,0,0,0,3,0.0,0.0,0.0,0.0,0.3,0,0.1,0.2,1.0,4543,2934,775,316,-0.1,0.1,0.0,0.0,0.0,0.0,0.0,0.16,0,0,0,0,0,0.0,,591,249,597,254,573,235,598,251,,,,,,,0.0,0.0,0.0,0.0,0.9,0.0,219,135,368,170,331,149,466,184,0.0,0.0
634,Matias,Fernandez-Pardo,Matias Fernandez-Pardo,Newcastle,FWD,2026-09-06 15:09:00.155543+00:00,1,1,6.0,0.1,27,0,0,0,0,0,0,0,0,0,0,0,4,0.0,0.0,0.0,0.0,1.0,0,0.2,0.2,1.0,7351,915,1967,329,0.0,0.0,0.0,0.0,0.0,0.0,0.0,0.04,0,0,0,1,1,3.33,,639,75,639,75,635,75,639,75,,,,,,,0.0,0.0,0.0,0.0,0.13,0.0,83,20,276,34,361,44,469,66,0.0,0.0
212,Will,Hughes,Will Hughes,Crystal Palace,MID,2026-09-06 15:09:00.155543+00:00,1,1,4.5,9.3,16,0,0,0,0,0,0,0,0,0,0,0,3,0.0,0.0,0.0,0.0,0.3,0,0.1,0.2,1.0,63795,242081,6025,18290,0.0,0.0,0.0,0.0,0.0,0.0,0.0,0.57,0,0,2,1,3,16.88,,403,159,397,168,331,125,413,164,4.0,,,,,,0.0,0.0,0.0,0.0,3.21,0.0,435,258,337,154,276,119,46,18,0.0,0.0
568,Valentín,Barco,Valentín Barco,Chelsea,MID,2026-09-06 15:09:00.155543+00:00,1,0,5.5,0.1,8,0,0,0,1,0,0,0,0,0,0,0,1,0.0,0.0,4.0,0.2,0.3,0,0.1,0.2,1.0,1777,3998,194,264,0.0,0.0,0.0,0.0,0.0,0.04,0.04,0.07,0,0,1,0,1,11.25,,615,267,619,268,204,98,336,156,,,,,,,0.45,0.0,0.0,0.45,0.79,11.25,180,111,374,175,348,160,392,145,0.0,0.0
31,Ezri,Konsa Ngoyo,Ezri Konsa,Arsenal,DEF,2026-09-06 15:09:00.155543+00:00,1,0,4.4,11.5,11,0,0,0,0,0,0,0,0,0,0,0,3,3.2,0.1,0.0,0.3,0.3,0,0.1,0.2,1.0,386465,449910,65772,21177,-0.1,0.1,0.0,0.0,0.0,0.0,0.0,0.0,0,0,1,0,1,8.18,,299,113,324,119,319,136,323,116,,,,,,,0.0,0.0,0.0,0.0,0.0,0.0,569,153,333,118,270,99,34,12,0.0,0.0
159,Moisés,Caicedo Corozo,Moisés Caicedo,Chelsea,MID,2026-09-06 15:09:00.155543+00:00,1,0,5.4,1.8,13,0,0,0,0,0,0,0,0,0,0,0,3,0.0,0.1,0.0,0.0,0.3,0,0.1,0.2,1.0,13299,199996,587,9522,-0.1,0.1,0.0,0.0,0.0,0.0,0.0,0.07,0,0,0,0,0,0.0,Unspecified injury - 75% chance of playing,593,251,329,167,576,238,600,253,,,,,,,0.0,0.0,0.0,0.0,0.48,0.0,223,138,369,171,334,151,134,41,0.0,0.0
321,Sindre,Walle Egeli,Sindre Walle Egeli,Ipswich Town,FWD,2026-09-06 15:09:00.155543+00:00,1,0,4.5,3.4,10,0,0,0,0,0,0,0,0,0,0,0,3,0.0,0.1,0.0,0.0,0.3,0,0.1,0.2,1.0,187039,87656,18629,10061,0.0,0.0,0.0,0.0,0.0,0.0,0.0,0.03,0,0,0,0,0,0.0,,461,41,326,41,405,43,471,46,,,,,,,0.0,0.0,0.0,0.0,0.27,0.0,534,71,340,42,289,33,95,14,0.0,0.0
343,Daniel,James,Daniel James,Leeds,MID,2026-09-06 15:09:00.155543+00:00,1,0,5.0,0.1,22,0,0,0,0,0,0,0,0,0,0,0,2,0.0,1.1,12.0,1.1,0.3,0,0.1,0.2,1.0,2663,4394,201,367,0.0,0.0,0.0,0.0,0.01,0.24,0.25,0.93,0,0,0,2,2,8.18,,528,212,280,143,128,65,292,131,,,,,,,0.98,0.0,0.04,1.02,3.8,0.0,262,162,352,161,308,132,415,162,0.0,0.0
16,Noni,Madueke,Noni Madueke,Arsenal,MID,2026-09-06 15:09:00.155543+00:00,1,0,6.3,0.2,22,0,0,0,0,0,0,0,0,0,0,0,8,9.4,43.1,0.0,5.3,0.3,0,0.0,0.2,1.0,3248,17137,560,833,-0.2,0.2,0.0,0.0,0.04,0.0,0.04,0.15,0,0,0,2,2,8.18,,237,99,44,35,639,280,163,77,6.0,,,,,,0.0,0.0,0.16,0.16,0.61,0.0,55,39,380,178,362,169,319,113,0.0,0.0
339,Sean,Longstaff,Sean Longstaff,Leeds,MID,2026-09-06 15:09:00.155543+00:00,1,0,4.9,0.1,8,0,0,0,0,0,0,0,0,0,0,0,3,0.0,0.2,0.0,0.0,0.3,0,0.1,0.2,1.0,1396,4628,182,393,-0.1,0.1,-0.1,0.1,0.0,0.0,0.0,0.07,0,0,0,0,0,0.0,,495,190,323,164,441,156,504,194,3.0,,2.0,,,,0.0,0.0,0.0,0.0,0.79,0.0,383,232,342,155,292,122,419,163,0.0,0.0
396,Vitor,de Oliveira Nunes dos Reis,Vitor Vitor Reis,Man City,DEF,2026-09-06 15:09:00.155543+00:00,1,0,4.5,0.0,1,0,0,0,0,0,0,0,0,0,0,0,3,1.2,0.9,0.0,0.2,0.3,0,0.1,0.2,1.0,256,569,22,67,0.0,0.0,0.0,0.0,0.0,0.0,0.0,0.0,0,0,0,0,0,0.0,,322,120,284,103,425,180,333,120,,,,,,,0.0,0.0,0.0,0.0,0.0,0.0,557,149,341,123,290,115,543,189,0.0,0.0
539,Luke,O'Nien,Luke O'Nien,Sunderland,DEF,2026-09-06 15:09:00.155543+00:00,1,0,4.0,2.9,66,0,0,0,1,0,0,0,1,0,0,0,1,11.4,1.4,4.0,1.7,0.3,0,0.1,0.2,1.0,10433,57014,530,6345,0.0,0.0,0.0,0.0,0.01,0.01,0.02,1.69,1,1,4,4,5,6.82,,226,92,267,93,196,69,268,98,,,,,,,0.01,0.0,0.01,0.02,2.3,1.36,592,165,330,115,262,91,106,42,1.36,0.0
395,Rico,Lewis,Rico Lewis,Man City,DEF,2026-09-06 15:09:00.155543+00:00,1,0,4.5,0.2,56,0,0,0,1,0,0,0,0,0,0,0,-1,3.8,3.8,39.0,4.7,0.3,0,0.1,0.2,1.0,6019,9293,247,1037,0.0,0.0,0.0,0.0,0.02,0.17,0.19,0.55,1,0,2,0,2,3.21,,292,109,218,69,46,6,180,67,,,,,,,0.27,0.0,0.03,0.3,0.88,1.61,502,130,339,122,287,113,326,119,1.61,0.0
9,Piero,Hincapié,Piero Hincapie,Arsenal,DEF,2026-09-06 15:09:00.155543+00:00,1,0,5.3,1.1,9,0,0,0,0,0,0,0,0,0,0,0,3,0.4,0.5,0.0,0.1,0.3,0,0.1,0.2,1.0,9402,80527,1067,3840,-0.2,0.2,-0.1,0.1,0.0,0.0,0.0,0.15,0,0,0,0,0,0.0,,333,124,310,116,559,205,346,123,,,,,,,0.0,0.0,0.0,0.0,1.5,0.0,236,34,363,130,326,125,178,69,0.0,0.0
446,Fabian,Schär,Fabian Schär,Newcastle,DEF,2026-09-06 15:09:00.155543+00:00,1,0,5.0,0.2,1,0,0,0,1,0,0,0,0,0,0,0,-1,0.0,0.0,0.0,0.0,0.3,0,0.1,0.2,1.0,4167,7803,217,1025,0.0,0.0,0.0,0.0,0.0,0.0,0.0,0.79,0,0,0,0,0,0.0,,520,197,522,197,476,190,529,197,,,2.0,,,,0.0,0.0,0.0,0.0,71.1,90.0,247,37,351,127,305,120,322,116,0.0,0.0
622,Kaden,Braithwaite,Kaden Braithwaite,Man City,DEF,2026-09-06 15:09:00.155543+00:00,1,0,4.0,0.1,1,0,0,0,0,0,0,0,0,0,0,0,3,0.6,0.8,0.0,0.1,0.5,0,0.1,0.2,1.0,10540,2899,1256,694,0.0,0.0,0.0,0.0,0.0,0.0,0.0,0.0,0,0,0,1,0,0.0,,329,122,288,105,303,121,340,121,,,,,,,0.0,0.0,0.0,0.0,0.0,0.0,638,200,328,113,267,96,377,139,0.0,0.0
185,Tatsuhiro,Sakamoto,Tatsuhiro Sakamoto,Coventry City,MID,2026-09-06 15:09:00.155543+00:00,1,0,4.9,0.1,31,0,0,0,1,0,0,0,0,0,0,0,8,6.2,5.9,7.0,1.9,0.3,0,0.1,0.2,1.0,622,3425,81,227,-0.1,0.1,0.0,0.0,0.02,0.02,0.04,0.69,0,2,0,2,4,11.61,,259,116,202,111,167,80,261,117,,,,,,,0.06,0.0,0.06,0.12,2.0,2.9,406,245,347,157,297,124,456,182,0.0,0.0
535,Omar,Alderete,Omar Alderete,Sunderland,DEF,2026-09-06 15:09:00.155543+00:00,1,0,4.9,0.3,23,0,0,0,1,0,0,0,0,0,0,0,2,0.0,0.6,0.0,0.0,0.3,0,0.1,0.2,1.0,4206,16932,133,1628,-0.1,0.1,-0.1,0.1,0.01,0.0,0.01,0.1,0,0,0,2,0,0.0,,496,193,297,110,442,185,505,193,,,,,,,0.0,0.0,0.04,0.04,0.39,3.91,384,69,343,124,293,116,285,107,0.0,0.0
640,Zian,Flemming,Zian Flemming,Ipswich Town,FWD,2026-09-06 15:09:00.155543+00:00,1,1,5.5,0.0,24,0,0,0,0,0,0,0,0,0,0,0,4,0.0,0.0,0.0,0.0,1.0,0,0.2,0.2,1.0,2338,358,577,125,0.0,0.0,0.0,0.0,0.01,0.02,0.03,0.06,0,0,0,0,0,0.0,,610,65,614,69,599,67,615,69,,,,,,,0.08,0.0,0.04,0.12,0.22,0.0,151,39,265,31,345,40,558,74,0.0,0.0
646,Malick,Fofana,Malick Fofana,Sunderland,MID,2026-09-06 15:09:00.155543+00:00,1,1,5.5,0.0,16,0,0,0,0,0,0,0,0,0,0,0,3,0.0,0.0,0.0,0.0,1.0,0,0.2,0.2,1.0,2560,338,489,99,0.0,0.0,0.0,0.0,0.0,0.0,0.0,0.39,0,0,0,0,0,0.0,,616,268,620,269,609,261,620,268,,,,,,,0.0,0.0,0.0,0.0,2.19,0.0,184,113,268,123,349,161,552,226,0.0,0.0
638,Brooke,Norton-Cuffy,Brooke Norton-Cuffy,Hull City,DEF,2026-09-06 15:09:00.155543+00:00,1,1,4.0,0.1,26,0,0,0,0,0,0,0,0,0,0,0,3,0.0,0.0,0.0,0.0,1.0,0,0.2,0.2,1.0,10181,1409,3727,636,0.0,0.0,0.0,0.0,0.0,0.0,0.0,0.12,0,0,1,2,1,3.46,,374,138,366,136,291,110,384,138,,,,,,,0.0,0.0,0.0,0.0,0.42,0.0,625,188,242,86,266,95,379,140,0.0,0.0
450,Tino,Livramento,Tino Livramento,Newcastle,DEF,2026-09-06 15:09:00.155543+00:00,1,1,4.9,0.0,1,0,0,0,0,0,0,0,0,0,0,0,3,0.0,0.0,0.0,0.0,0.3,0,0.1,0.2,1.0,654,2219,448,131,-0.1,0.1,0.0,0.0,0.0,0.0,0.0,0.02,0,0,0,0,0,0.0,,504,194,505,194,453,186,514,194,,,,,,,0.0,0.0,0.0,0.0,1.8,0.0,398,71,345,125,295,117,528,182,0.0,0.0
435,Shea,Lacey,Shea Lacey,Man Utd,MID,2026-09-06 15:09:00.155543+00:00,1,0,5.0,0.1,10,0,0,0,0,0,0,0,0,0,0,0,3,0.2,0.6,0.0,0.1,0.3,0,0.1,0.2,1.0,678,1779,53,151,0.0,0.0,0.0,0.0,0.0,0.0,0.0,0.0,0,0,0,1,1,9.0,,337,156,299,150,548,221,345,162,,,,,,,0.0,0.0,0.0,0.0,0.0,0.0,359,218,361,168,323,143,494,198,0.0,0.0
206,Chadi,Riad Dnanou,Chadi Chadi Riad,Crystal Palace,DEF,2026-09-06 15:09:00.155543+00:00,1,0,4.4,0.0,72,0,0,0,2,0,0,0,0,0,0,0,7,12.6,1.3,0.0,1.4,0.3,0,0.1,0.2,1.0,520,4629,7,170,-0.1,0.1,0.0,0.0,0.01,0.0,0.01,0.98,1,1,6,3,7,8.75,Knee injury - Unknown return date,220,90,269,95,321,138,280,101,,,,,,,0.0,0.0,0.01,0.01,1.22,2.5,573,157,334,119,273,102,542,188,1.25,0.0
164,Geovany,Quenda,Geovany Quenda,Chelsea,MID,2026-09-06 15:09:00.155543+00:00,1,0,5.4,0.0,8,0,0,0,0,0,0,0,0,0,0,0,2,1.2,0.3,2.0,0.4,0.3,0,0.1,0.2,1.0,590,2145,67,129,-0.1,0.1,0.0,0.0,0.0,0.0,0.0,0.09,0,0,1,0,1,11.25,,325,147,317,161,240,116,319,146,,,,,,,0.0,0.0,0.0,0.0,1.01,0.0,233,147,373,174,339,155,521,215,0.0,0.0
89,Rico,Henry,Rico Henry,Brentford,DEF,2026-09-06 15:09:00.155543+00:00,1,0,4.5,0.2,2,0,0,0,0,0,0,0,0,0,0,0,3,0.0,0.0,0.0,0.0,0.3,0,0.1,0.2,1.0,1181,4754,76,406,0.0,0.0,0.0,0.0,0.0,0.0,0.0,0.0,0,0,0,0,0,0.0,,415,165,410,164,345,147,425,165,,,,,,,0.0,0.0,0.0,0.0,0.0,0.0,456,98,338,121,278,105,333,122,0.0,0.0
487,Nicolás,Domínguez,Nicolás Dominguez,Nott'm Forest,MID,2026-09-06 15:09:00.155543+00:00,1,0,4.9,0.1,1,0,0,0,0,0,0,0,0,0,0,0,3,0.2,0.0,0.0,0.0,0.3,0,0.1,0.2,1.0,654,2377,82,169,-0.1,0.1,-0.1,0.1,0.0,0.0,0.0,0.0,0,0,0,0,0,0.0,,334,153,501,202,449,162,510,199,,,,,,,0.0,0.0,0.0,0.0,0.0,0.0,394,240,344,156,294,123,475,188,0.0,0.0
328,Pascal,Struijk,Pascal Struijk,Brighton,DEF,2026-09-06 15:09:00.155543+00:00,1,1,5.0,0.2,1,0,0,0,0,0,0,0,0,0,0,0,3,0.0,0.0,0.0,0.0,0.3,0,0.1,0.2,1.0,3218,6753,254,523,0.0,0.0,0.0,0.0,0.0,0.0,0.0,0.0,0,0,0,0,0,0.0,,534,202,537,202,494,195,542,202,,,,,,,0.0,0.0,0.0,0.0,0.0,0.0,281,47,354,129,310,123,341,125,0.0,0.0
35,Lamare,Bogarde,Lamare Bogarde,Aston Villa,MID,2026-09-06 15:09:00.155543+00:00,1,0,5.0,0.1,16,0,0,0,0,0,0,0,0,0,0,0,3,2.2,0.5,0.0,0.3,0.3,0,0.1,0.2,1.0,1768,2510,187,269,0.0,0.0,0.0,0.0,0.0,0.0,0.0,0.22,0,0,1,0,1,5.62,,307,138,309,156,535,209,327,150,,,,,,,0.0,0.0,0.0,0.0,1.24,0.0,341,204,359,166,318,139,472,186,0.0,0.0
149,Levi,Samuels Colwill,Levi Colwill,Chelsea,DEF,2026-09-06 15:09:00.155543+00:00,1,0,4.9,1.2,161,0,0,0,4,0,0,0,1,0,0,0,8,19.2,2.0,7.0,2.9,0.3,0,0.1,0.2,0.5,20211,54832,1920,3455,-0.1,0.1,-0.1,0.1,0.03,0.01,0.04,2.64,2,3,10,5,13,7.27,,180,79,248,84,166,58,220,85,,,,,,,0.01,0.0,0.02,0.03,1.48,2.24,401,73,346,126,378,132,166,67,1.12,0.0
547,Romaine,Mundle,Romaine Mundle,Sunderland,MID,2026-09-06 15:09:00.155543+00:00,1,0,5.0,0.0,1,0,0,0,0,0,0,0,0,0,0,0,2,8.0,0.1,17.0,2.5,0.3,0,0.1,0.2,1.0,137,313,14,29,0.0,0.0,0.0,0.0,0.0,0.17,0.17,0.09,0,0,1,0,1,90.0,,247,106,327,165,102,53,233,104,,,,,,,15.3,0.0,0.0,15.3,8.1,0.0,303,182,356,163,312,134,611,261,0.0,0.0
135,Zadok,Yohanna,Zadok Yohanna,Brighton,MID,2026-09-06 15:09:00.155543+00:00,1,0,4.9,0.1,12,0,0,0,0,0,0,0,0,0,0,0,3,0.2,1.3,0.0,0.2,0.3,0,0.1,0.2,1.0,1007,2686,117,228,-0.1,0.1,-0.1,0.1,0.03,0.0,0.03,0.0,0,0,0,0,0,0.0,,335,154,273,140,468,175,334,154,,,,,,,0.0,0.0,0.22,0.22,0.0,0.0,420,256,350,160,303,129,486,194,0.0,0.0
285,Paddy,McNair,Paddy McNair,Hull City,DEF,2026-09-06 15:09:00.155543+00:00,1,0,4.0,0.1,26,0,0,0,0,0,0,0,0,0,0,0,3,4.2,0.0,0.0,0.4,0.3,0,0.1,0.2,1.0,1781,2395,127,206,0.0,0.0,0.0,0.0,0.0,0.0,0.0,0.96,0,0,2,1,2,6.92,,282,105,344,124,266,95,314,112,,,,,,,0.0,0.0,0.0,0.0,3.32,0.0,591,164,329,114,261,90,401,147,0.0,0.0
627,Bradley,Barcola,Bradley Barcola,Liverpool,MID,2026-09-06 15:09:00.155543+00:00,1,1,8.0,1.5,26,0,0,0,0,0,0,0,0,0,0,0,5,0.0,0.0,0.0,0.0,1.0,0,0.1,0.1,1.0,162519,27533,26731,7917,0.0,0.0,0.0,0.0,0.07,0.0,0.07,0.17,0,0,0,0,0,0.0,,653,290,653,290,653,290,653,290,,,,,,,0.0,0.0,0.24,0.24,0.59,0.0,8,5,278,130,369,176,148,44,0.0,0.0
515,James,Maddison,James Maddison,Spurs,MID,2026-09-06 15:09:00.155543+00:00,1,0,6.4,0.5,22,0,0,0,0,0,0,0,0,0,0,0,6,4.4,8.3,8.0,2.1,0.3,0,0.0,0.2,1.0,2896,79549,35,3505,-0.1,0.1,0.0,0.0,0.01,0.0,0.01,0.85,0,0,1,1,2,8.18,Shoulder injury - 75% chance of playing,281,129,194,108,163,79,256,115,,,,,,,0.0,0.0,0.04,0.04,3.48,0.0,48,33,381,179,363,170,247,83,0.0,0.0
493,Arnaud,Kalimuendo,Arnaud Kalimuendo,Nott'm Forest,FWD,2026-09-06 15:09:00.155543+00:00,1,0,5.4,0.1,1,0,0,0,0,0,0,0,0,0,0,0,3,0.0,0.0,0.0,0.0,0.3,0,0.1,0.2,1.0,1731,2211,554,205,-0.1,0.1,0.0,0.0,0.0,0.0,0.0,0.0,0,0,0,0,0,0.0,,590,62,596,67,572,64,597,67,,,,,,,0.0,0.0,0.0,0.0,0.0,0.0,218,49,367,43,330,35,491,67,0.0,0.0
594,Promise,David,Promise David,Brighton,FWD,2026-09-06 15:09:00.155543+00:00,1,0,6.0,0.2,23,0,0,0,0,0,0,0,1,0,0,0,-4,0.0,3.7,0.0,0.4,0.3,0,0.0,0.2,0.5,7629,10965,666,1102,0.0,0.0,0.0,0.0,0.0,0.42,0.42,0.14,0,0,0,0,0,0.0,,637,73,222,31,633,73,321,38,,,,,2.0,,1.64,0.0,0.0,1.64,0.55,0.0,80,17,378,44,383,45,317,52,0.0,0.0
421,Ayden,Heaven,Ayden Heaven,Man Utd,DEF,2026-09-06 15:09:00.155543+00:00,1,0,4.4,0.3,90,0,0,0,2,0,0,0,0,0,0,0,5,6.8,2.6,11.0,2.0,0.3,0,0.1,0.2,1.0,4704,14346,316,1194,-0.1,0.1,-0.1,0.1,0.04,0.12,0.16,1.01,1,1,1,4,2,2.0,,254,99,233,75,136,44,257,94,,,,,,,0.12,0.0,0.04,0.16,1.01,2.0,574,158,335,120,274,103,283,105,1.0,0.0
581,Ousmane,Diomande,Ousmane Diomande,Nott'm Forest,DEF,2026-09-06 15:09:00.155543+00:00,1,1,5.4,0.6,1,0,0,0,0,0,0,0,0,0,0,0,3,0.0,0.0,0.0,0.0,0.3,0,0.1,0.2,1.0,7033,29815,407,1782,-0.1,0.1,0.0,0.0,0.0,0.0,0.0,0.0,0,0,0,0,0,0.0,,599,210,602,210,582,208,605,210,,,,,,,0.0,0.0,0.0,0.0,0.0,0.0,231,32,371,134,337,126,242,90,0.0,0.0
240,Tim,Iroegbunam,Tim Iroegbunam,Hull City,MID,2026-09-06 15:09:00.155543+00:00,1,0,5.0,0.0,4,0,0,0,0,0,0,0,0,0,0,0,2,0.0,0.0,0.0,0.0,0.3,0,0.1,0.2,1.0,428,582,98,47,0.0,0.0,0.0,0.0,0.0,0.0,0.0,0.0,0,0,0,0,0,0.0,,552,225,559,232,522,203,560,228,,,,,,,0.0,0.0,0.0,0.0,0.0,0.0,320,190,357,164,314,135,583,242,0.0,0.0
243,Carlos,Alcaraz Durán,Carlos Alcaraz,Everton,MID,2026-09-06 15:09:00.155543+00:00,1,0,5.0,0.1,5,0,0,0,0,0,0,0,1,0,0,0,5,5.0,0.8,25.0,2.7,0.3,0,0.1,0.2,0.5,1744,3290,176,213,0.0,0.0,0.0,0.0,0.02,0.05,0.07,0.04,0,1,0,2,3,54.0,,275,126,291,147,75,42,225,99,,,,,,,0.9,0.0,0.36,1.26,0.72,0.0,334,199,358,165,379,181,448,178,0.0,0.0
142,Reece,James,Reece James,Chelsea,DEF,2026-09-06 15:09:00.155543+00:00,1,0,5.4,7.9,112,0,0,0,3,0,0,0,1,0,0,0,4,23.8,17.2,21.0,6.2,0.3,0,0.1,0.2,0.5,96034,310530,6470,18050,-0.1,0.1,-0.1,0.1,0.07,0.1,0.17,1.47,1,0,6,5,6,4.82,,161,73,135,40,84,20,141,53,1.0,,1.0,,,,0.08,0.0,0.06,0.14,1.18,2.41,205,28,365,132,381,134,54,21,0.8,0.0
29,Marco,Bizot,Marco M.Bizot,Aston Villa,GKP,2026-09-06 15:09:00.155543+00:00,1,0,4.5,0.1,90,0,0,0,4,0,0,0,0,0,3,0,1,28.2,0.0,0.0,2.8,0.3,0,0.1,0.2,1.0,3397,3595,246,339,0.0,0.0,0.0,0.0,0.0,0.0,0.0,3.77,1,0,2,6,0,0.0,,138,15,392,26,324,25,223,15,,,,,,,0.0,3.0,0.0,0.0,3.77,4.0,426,24,336,22,275,22,384,46,1.0,0.0
81,Álvaro,Rodríguez,Álvaro Rodríguez,Bournemouth,FWD,2026-09-06 15:09:00.155543+00:00,1,0,6.0,0.1,9,0,0,0,1,0,0,0,0,0,0,0,4,0.0,0.0,0.0,0.0,0.3,0,0.0,0.2,1.0,2857,3497,336,396,0.0,0.0,0.0,0.0,0.0,0.0,0.0,0.16,0,0,0,1,1,10.0,,638,74,638,74,634,74,638,74,,,,,,,0.0,0.0,0.0,0.0,1.6,10.0,82,19,379,45,360,43,407,57,0.0,0.0
549,Chemsdine,Talbi,Chemsdine Talbi,Sunderland,MID,2026-09-06 15:09:00.155543+00:00,1,0,5.4,0.2,31,0,0,0,1,0,0,0,0,0,0,0,1,0.0,0.9,0.0,0.0,0.3,0,0.1,0.2,1.0,766,7559,55,588,-0.1,0.1,0.0,0.0,0.0,0.0,0.0,0.14,0,0,0,2,2,5.81,,598,256,287,146,580,242,604,257,,,,,,,0.0,0.0,0.0,0.0,0.41,2.9,229,144,370,172,335,152,356,131,0.0,0.0
452,Bruno,Guimarães Rodriguez Moura,Bruno Bruno G.,Arsenal,MID,2026-09-06 15:09:00.155543+00:00,1,0,6.8,2.0,19,0,0,0,0,0,0,0,0,0,0,0,4,1.4,0.8,2.0,0.4,0.3,0,0.0,0.1,1.0,6726,197607,330,8270,-0.2,0.2,0.0,0.0,0.01,0.0,0.01,0.0,0,0,0,3,3,14.21,Knock - 75% chance of playing,320,145,294,149,245,119,322,147,5.0,,,,4.0,,0.0,0.0,0.05,0.05,0.0,0.0,31,20,383,181,368,175,129,39,0.0,0.0
76,Alex,Tóth,Alex Tóth.A,Bournemouth,MID,2026-09-06 15:09:00.155543+00:00,1,0,5.0,0.0,15,0,0,0,2,0,0,0,0,0,0,0,5,2.8,0.6,0.0,0.3,0.3,0,0.1,0.2,1.0,248,434,25,57,0.0,0.0,0.0,0.0,0.0,0.0,0.0,0.31,0,1,0,1,2,12.0,,304,137,300,151,551,224,329,152,,,,,,,0.0,0.0,0.0,0.0,1.86,12.0,368,225,362,169,325,145,579,240,0.0,0.0
635,Hugo,Larsson,Hugo Larsson,Fulham,MID,2026-09-06 15:09:00.155543+00:00,1,1,5.0,0.0,11,0,0,0,0,0,0,0,0,0,0,0,3,0.0,0.0,0.0,0.0,1.0,0,0.2,0.2,1.0,382,45,94,18,0.0,0.0,0.0,0.0,0.22,0.13,0.35,0.0,0,1,0,0,1,8.18,,569,237,577,244,544,218,577,240,,,,,,,1.06,0.0,1.8,2.86,0.0,0.0,354,215,258,116,320,140,628,272,0.0,0.0
364,Kostas,Tsimikas,Kostas Tsimikas,Liverpool,DEF,2026-09-06 15:09:00.155543+00:00,1,0,5.0,0.1,19,0,0,0,0,0,0,0,0,0,0,0,4,3.6,1.3,9.0,1.4,0.3,0,0.1,0.2,1.0,888,2456,62,387,0.0,0.0,0.0,0.0,0.01,0.04,0.05,0.07,0,0,0,0,0,0.0,,295,112,274,98,156,51,281,102,,,,,,,0.19,0.0,0.05,0.24,0.33,0.0,272,42,353,128,309,122,465,165,0.0,0.0
647,Darío,Osorio,Darío Osorio,Crystal Palace,MID,2026-09-06 15:09:00.155543+00:00,1,1,5.5,0.0,1,0,0,0,0,0,0,0,0,0,0,0,2,0.0,0.0,0.0,0.0,1.0,0,0.2,0.2,1.0,605,76,144,26,0.0,0.0,0.0,0.0,0.0,0.0,0.0,0.13,0,1,0,0,1,90.0,,614,266,618,267,608,260,619,267,,,,,,,0.0,0.0,0.0,0.0,11.7,0.0,179,110,267,122,347,159,618,264,0.0,0.0
595,Zavier,Gozo,Zavier Gozo,Crystal Palace,MID,2026-09-06 15:09:00.155543+00:00,1,0,5.0,0.0,22,0,0,0,1,0,0,0,0,0,0,0,3,1.4,1.3,0.0,0.3,0.3,0,0.1,0.2,1.0,280,444,21,47,0.0,0.0,0.0,0.0,0.0,0.0,0.0,0.2,0,1,0,0,1,4.09,,318,144,275,141,547,220,328,151,,,,,,,0.0,0.0,0.0,0.0,0.82,4.09,357,217,360,167,322,142,584,243,0.0,0.0
574,Jens,Hjertø-Dahl,Jens Hjertø-Dahl,Hull City,MID,2026-09-06 15:09:00.155543+00:00,1,1,4.9,0.1,8,0,0,0,0,0,0,0,0,0,0,0,4,0.0,0.0,0.0,0.0,0.3,0,0.1,0.2,1.0,734,2602,106,173,-0.1,0.1,-0.1,0.1,0.0,0.0,0.0,0.0,0,0,0,1,1,11.25,,512,201,513,209,462,169,522,206,,,,,,,0.0,0.0,0.0,0.0,0.0,0.0,413,250,348,158,299,125,478,190,0.0,0.0
563,Hidemasa,Morita,Hidemasa Morita,Hull City,MID,2026-09-06 15:09:00.155543+00:00,1,0,5.0,0.0,45,0,0,0,0,0,0,0,0,0,0,0,6,11.0,13.4,0.0,2.4,0.3,0,0.1,0.2,1.0,587,714,48,69,0.0,0.0,0.0,0.0,0.0,0.0,0.0,1.09,1,0,2,1,3,6.0,,230,95,157,94,506,194,239,107,,,,,,,0.0,0.0,0.0,0.0,2.18,0.0,298,178,355,162,311,133,555,229,2.0,0.0
556,Matt,Targett,Matt Targett,Hull City,DEF,2026-09-06 15:09:00.155543+00:00,1,0,4.0,2.0,5,0,0,0,0,0,0,0,0,0,0,0,3,0.4,0.0,0.0,0.0,0.3,0,0.1,0.2,1.0,16915,42242,1103,3688,0.0,0.0,0.0,0.0,0.0,0.0,0.0,0.07,0,0,0,1,0,0.0,,331,123,346,125,268,96,364,127,,,,,,,0.0,0.0,0.0,0.0,1.26,0.0,594,166,331,116,263,92,127,52,0.0,0.0
357,Jeremie,Frimpong,Jeremie Frimpong,Liverpool,DEF,2026-09-06 15:09:00.155543+00:00,1,0,5.4,2.7,160,0,0,0,4,0,0,0,1,0,0,0,12,26.4,51.6,14.0,9.2,0.3,0,0.1,0.2,0.5,50688,131151,1074,27182,-0.1,0.1,-0.1,0.1,0.11,0.01,0.12,3.81,2,3,5,6,8,4.5,,147,65,29,5,119,36,76,22,,,,,,,0.01,0.0,0.06,0.07,2.14,2.25,203,27,364,131,380,133,111,44,1.12,0.0
520,Lucas,Bergvall,Lucas Bergvall,Spurs,MID,2026-09-06 15:09:00.155543+00:00,1,0,5.4,0.2,45,0,0,0,2,0,0,0,0,0,0,0,2,0.0,2.0,2.0,0.0,0.3,0,0.1,0.2,1.0,1220,6142,103,449,-0.1,0.1,0.0,0.0,0.01,0.0,0.01,1.7,1,1,0,7,8,16.0,,600,257,249,130,239,115,606,258,,,,,,,0.0,0.0,0.02,0.02,3.4,4.0,232,146,372,173,338,154,353,130,2.0,0.0
482,Callum,Hudson-Odoi,Callum Hudson-Odoi,Nott'm Forest,MID,2026-09-06 15:09:00.155543+00:00,1,0,5.9,0.2,1,0,0,0,0,0,0,0,0,0,0,0,2,0.0,0.3,0.0,0.0,0.3,0,0.1,0.2,1.0,2556,11056,221,648,-0.1,0.1,0.0,0.0,0.0,0.0,0.0,0.0,0,0,0,0,0,0.0,,625,272,320,162,618,266,628,272,,,4.0,,,,0.0,0.0,0.0,0.0,0.0,0.0,93,60,375,176,354,164,346,127,0.0,0.0
413,Altay,Bayındır,Altay Bayindir,Man Utd,GKP,2026-09-06 15:09:00.155543+00:00,0,0,4.5,0.0,0,0,0,0,0,0,0,0,0,0,0,0,0,0.0,0.0,0.0,0.0,0.0,0,0.0,0.0,0.0,0,931,0,51,0.0,0.0,0.0,0.0,0.0,0.0,0.0,0.0,0,0,0,0,0,0.0,Has joined Celta Vigo on loan for the rest of the season,433,59,430,41,369,40,443,59,,,,,,,0.0,0.0,0.0,0.0,0.0,0.0,492,39,471,59,471,59,585,69,0.0,0.0
653,Floyd,Samba,Floyd Samba,Man City,MID,2026-09-06 15:09:00.155543+00:00,0,0,4.5,0.0,0,0,0,0,0,0,0,0,0,0,0,0,0,0.0,0.0,0.0,0.0,0.0,0,0.0,0.0,0.0,657,102,657,102,0.0,0.0,0.0,0.0,0.0,0.0,0.0,0.0,0,0,0,0,0,0.0,,472,178,473,187,417,145,482,183,,,,,,,0.0,0.0,0.0,0.0,0.0,0.0,548,280,508,200,508,200,599,254,0.0,0.0
414,Tom,Heaton,Tom Heaton,Man Utd,GKP,2026-09-06 15:09:00.155543+00:00,0,0,4.0,0.1,0,0,0,0,0,0,0,0,0,0,0,0,0,0.0,0.0,0.0,0.0,0.0,0,0.0,0.0,0.0,1020,2151,171,170,0.0,0.0,0.0,0.0,0.0,0.0,0.0,0.0,0,0,0,0,0,0.0,Hamstring injury - Unknown return date,340,23,330,2,252,1,349,23,,,,,,,0.0,0.0,0.0,0.0,0.0,0.0,576,49,384,23,384,23,449,50,0.0,0.0
440,Joshua,Zirkzee,Joshua Zirkzee,Man Utd,FWD,2026-09-06 15:09:00.155543+00:00,0,0,5.4,0.5,0,0,0,0,0,0,0,0,0,0,0,0,0,0.0,0.0,0.0,0.0,0.0,0,0.0,0.0,0.0,9115,27877,1455,1840,-0.1,0.1,0.0,0.0,0.0,0.0,0.0,0.0,0,0,0,0,0,0.0,,589,61,595,66,571,63,596,66,,,,,,,0.0,0.0,0.0,0.0,0.0,0.0,217,48,611,70,611,70,261,46,0.0,0.0
430,Mason,Mount,Mason Mount,Man Utd,MID,2026-09-06 15:09:00.155543+00:00,0,0,5.4,0.0,0,0,0,0,0,0,0,0,0,0,0,0,0,0.0,0.0,0.0,0.0,0.0,0,0.0,0.0,0.0,113,1349,18,64,-0.1,0.1,0.0,0.0,0.0,0.0,0.0,0.0,0,0,0,0,0,0.0,,583,244,590,250,563,229,591,247,,,4.0,,,,0.0,0.0,0.0,0.0,0.0,0.0,200,123,606,257,606,257,561,230,0.0,0.0
630,Taylor,Harwood-Bellis,Taylor Harwood-Bellis,Aston Villa,DEF,2026-09-06 15:09:00.155543+00:00,0,0,4.5,0.0,0,0,0,0,0,0,0,0,0,0,0,0,0,0.0,0.0,0.0,0.0,0.0,0,0.0,0.0,0.0,1172,255,227,65,0.0,0.0,0.0,0.0,0.0,0.0,0.0,0.0,0,0,0,0,0,0.0,,427,172,424,172,362,158,437,172,,,,,,,0.0,0.0,0.0,0.0,0.0,0.0,483,118,465,178,465,178,596,201,0.0,0.0
431,Amad,Diallo,Amad Amad,Man Utd,MID,2026-09-06 15:09:00.155543+00:00,0,0,5.8,0.5,0,0,0,0,0,0,0,0,0,0,0,0,0,0.0,0.0,0.0,0.0,0.0,0,0.0,0.0,0.0,1883,105423,64,3161,-0.2,0.2,0.0,0.0,0.0,0.0,0.0,0.0,0,0,0,0,0,0.0,Unspecified injury - Unknown return date,621,271,625,272,615,265,625,271,4.0,,,,,,0.0,0.0,0.0,0.0,0.0,0.0,116,76,630,274,630,274,260,86,0.0,0.0
416,Matthijs,de Ligt,Matthijs De Ligt,Man Utd,DEF,2026-09-06 15:09:00.155543+00:00,0,0,5.0,0.0,0,0,0,0,0,0,0,0,0,0,0,0,0,0.0,0.0,0.0,0.0,0.0,0,0.0,0.0,0.0,249,1041,36,80,0.0,0.0,0.0,0.0,0.0,0.0,0.0,0.0,0,0,0,0,0,0.0,Back injury - Unknown return date,529,200,532,200,489,193,537,200,,,,,,,0.0,0.0,0.0,0.0,0.0,0.0,268,41,556,201,556,201,557,191,0.0,0.0
438,Tyler,Fletcher,Tyler Fletcher,Man Utd,MID,2026-09-06 15:09:00.155543+00:00,0,0,4.5,0.3,0,0,0,0,0,0,0,0,0,0,0,0,0,0.0,0.0,0.0,0.0,0.0,0,0.0,0.0,0.0,3666,8960,454,656,0.0,0.0,0.0,0.0,0.0,0.0,0.0,0.0,0,0,0,0,0,0.0,,450,170,452,179,394,137,460,175,,,,,,,0.0,0.0,0.0,0.0,0.0,0.0,522,271,487,192,487,192,291,99,0.0,0.0
325,Karl,Darlow,Karl Darlow,Man Utd,GKP,2026-09-06 15:09:00.155543+00:00,0,0,4.5,0.0,0,0,0,0,0,0,0,0,0,0,0,0,0,0.0,0.0,0.0,0.0,0.0,0,0.0,0.0,0.0,665,800,83,81,0.0,0.0,0.0,0.0,0.0,0.0,0.0,0.0,0,0,0,0,0,0.0,,399,46,391,25,323,24,409,46,,,,,,,0.0,0.0,0.0,0.0,0.0,0.0,425,23,442,46,442,46,511,57,0.0,0.0
437,Bendito,Mantato,Bendito Bendito Mantato,Man Utd,MID,2026-09-06 15:09:00.155543+00:00,0,0,4.5,0.2,0,0,0,0,0,0,0,0,0,0,0,0,0,0.0,0.0,0.0,0.0,0.0,0,0.0,0.0,0.0,3181,5498,458,431,0.0,0.0,0.0,0.0,0.0,0.0,0.0,0.0,0,0,0,0,0,0.0,,467,175,468,184,412,142,477,180,,,,,,,0.0,0.0,0.0,0.0,0.0,0.0,541,276,503,197,503,197,345,126,0.0,0.0
587,Gerónimo,Rulli,Gerónimo Rulli,Man City,GKP,2026-09-06 15:09:00.155543+00:00,0,0,5.0,0.0,0,0,0,0,0,0,0,0,0,0,0,0,0,0.0,0.0,0.0,0.0,0.0,0,0.0,0.0,0.0,270,618,29,54,0.0,0.0,0.0,0.0,0.0,0.0,0.0,0.0,0,0,0,0,0,0.0,,518,69,521,58,474,58,528,69,,,,,,,0.0,0.0,0.0,0.0,0.0,0.0,245,8,549,69,549,69,568,67,0.0,0.0
618,Leon,Goretzka,Leon Goretzka,Aston Villa,MID,2026-09-06 15:09:00.155543+00:00,0,0,6.0,0.1,0,0,0,0,0,0,0,0,0,0,0,0,0,0.0,0.0,0.0,0.0,0.0,0,0.0,0.0,0.0,4078,1222,417,374,0.0,0.0,0.0,0.0,0.0,0.0,0.0,0.0,0,0,0,0,0,0.0,,633,278,633,278,628,274,634,278,,,,,,,0.0,0.0,0.0,0.0,0.0,0.0,60,42,637,279,637,279,496,200,0.0,0.0
434,Jack,Fletcher,Jack J.Fletcher,Man Utd,MID,2026-09-06 15:09:00.155543+00:00,0,0,5.0,0.0,0,0,0,0,0,0,0,0,0,0,0,0,0,0.0,0.0,0.0,0.0,0.0,0,0.0,0.0,0.0,151,387,26,32,0.0,0.0,0.0,0.0,0.0,0.0,0.0,0.0,0,0,0,0,0,0.0,,567,235,575,242,541,215,575,238,,,,,,,0.0,0.0,0.0,0.0,0.0,0.0,351,212,592,250,592,250,597,252,0.0,0.0
62,Bafodé,Diakité,Bafodé Diakité,Bournemouth,DEF,2026-09-06 15:09:00.155543+00:00,0,0,5.0,0.2,0,0,0,0,0,0,0,0,0,0,0,0,0,0.0,0.0,0.0,0.0,0.0,0,0.0,0.0,0.0,4700,6855,268,671,0.0,0.0,0.0,0.0,0.0,0.0,0.0,0.0,0,0,0,0,0,0.0,,539,203,542,203,500,196,547,203,,,,,,,0.0,0.0,0.0,0.0,0.0,0.0,290,49,565,203,565,203,348,128,0.0,0.0
131,Carlos,Baleba,Carlos Baleba,Man Utd,MID,2026-09-06 15:09:00.155543+00:00,0,0,5.0,0.1,0,0,0,0,0,0,0,0,0,0,0,0,0,0.0,0.0,0.0,0.0,0.0,0,0.0,0.0,0.0,4325,10016,305,621,0.0,0.0,0.0,0.0,0.0,0.0,0.0,0.0,0,0,0,0,0,0.0,Ankle injury - Expected back 19 Sep,563,231,571,238,537,211,571,234,,,,,,,0.0,0.0,0.0,0.0,0.0,0.0,345,206,588,246,588,246,376,139,0.0,0.0
58,Fraser,Forster,Fraser Forster,Bournemouth,GKP,2026-09-06 15:09:00.155543+00:00,0,0,4.0,3.4,0,0,0,0,0,0,0,0,0,0,0,0,0,0.0,0.0,0.0,0.0,0.0,0,0.0,0.0,0.0,54783,34905,6873,2927,0.0,0.0,0.0,0.0,0.0,0.0,0.0,0.0,0,0,0,0,0,0.0,,341,24,331,3,253,2,350,24,,,,,,,0.0,0.0,0.0,0.0,0.0,0.0,577,50,385,24,385,24,96,16,0.0,0.0
433,Manuel,Ugarte Ribeiro,Manuel Ugarte,Man Utd,MID,2026-09-06 15:09:00.155543+00:00,0,0,5.0,0.0,0,0,0,0,0,0,0,0,0,0,0,0,0,0.0,0.0,0.0,0.0,0.0,0,0.0,0.0,0.0,63,171,7,14,0.0,0.0,0.0,0.0,0.0,0.0,0.0,0.0,0,0,0,0,0,0.0,Knee injury - Unknown return date,536,215,539,222,497,190,544,218,,,,,,,0.0,0.0,0.0,0.0,0.0,0.0,286,173,562,232,562,232,631,275,0.0,0.0
436,Toby,Collyer,Toby Collyer,Man Utd,MID,2026-09-06 15:09:00.155543+00:00,0,0,5.0,0.0,0,0,0,0,0,0,0,0,0,0,0,0,0,0.0,0.0,0.0,0.0,0.0,0,0.0,0.0,0.0,150,710,0,95,0.0,0.0,0.0,0.0,0.0,0.0,0.0,0.0,0,0,0,0,0,0.0,Has joined West Brom permanently,554,227,561,234,524,205,562,230,,,,,,,0.0,0.0,0.0,0.0,0.0,0.0,322,192,579,242,579,242,586,244,0.0,0.0
425,Tyler,Fredricson,Tyler Fredricson,Man Utd,DEF,2026-09-06 15:09:00.155543+00:00,0,0,4.0,0.0,0,0,0,0,0,0,0,0,0,0,0,0,0,0.0,0.0,0.0,0.0,0.0,0,0.0,0.0,0.0,0,1054,0,45,0.0,0.0,0.0,0.0,0.0,0.0,0.0,0.0,0,0,0,0,0,0.0,Has joined Lausanne-Sport permanently,382,145,374,143,299,117,392,145,,,,,,,0.0,0.0,0.0,0.0,0.0,0.0,634,196,425,155,425,155,580,197,0.0,0.0
424,Harry,Amass,Harry Amass,Man Utd,DEF,2026-09-06 15:09:00.155543+00:00,0,0,4.0,0.2,0,0,0,0,0,0,0,0,0,0,0,0,0,0.0,0.0,0.0,0.0,0.0,0,0.0,0.0,0.0,3280,4702,450,365,0.0,0.0,0.0,0.0,0.0,0.0,0.0,0.0,0,0,0,0,0,0.0,,389,152,381,150,308,126,399,152,,,,,,,0.0,0.0,0.0,0.0,0.0,0.0,643,205,432,162,432,162,342,126,0.0,0.0
631,Ibrahim,Mbaye,Ibrahim Mbaye,Aston Villa,MID,2026-09-06 15:09:00.155543+00:00,0,0,6.0,0.0,0,0,0,0,0,0,0,0,0,0,0,0,0,0.0,0.0,0.0,0.0,0.0,0,0.0,0.0,0.0,5172,930,1116,300,0.0,0.0,0.0,0.0,0.0,0.0,0.0,0.0,0,0,0,0,0,0.0,,641,282,641,282,637,278,641,282,,,,,,,0.0,0.0,0.0,0.0,0.0,0.0,85,56,642,283,642,283,499,202,0.0,0.0
59,Will,Dennis,Will Dennis,Bournemouth,GKP,2026-09-06 15:09:00.155543+00:00,0,0,4.0,0.1,0,0,0,0,0,0,0,0,0,0,0,0,0,0.0,0.0,0.0,0.0,0.0,0,0.0,0.0,0.0,1133,4679,0,378,0.0,0.0,0.0,0.0,0.0,0.0,0.0,0.0,0,0,0,0,0,0.0,Has joined MK Dons permanently,365,39,357,18,281,17,375,39,,,,,,,0.0,0.0,0.0,0.0,0.0,0.0,612,65,409,39,409,39,367,42,0.0,0.0
628,Allan,Andrade Elias,Allan Allan,Man City,MID,2026-09-06 15:09:00.155543+00:00,0,0,6.0,0.0,0,0,0,0,0,0,0,0,0,0,0,0,0,0.0,0.0,0.0,0.0,0.0,0,0.0,0.0,0.0,395,130,95,43,0.0,0.0,0.0,0.0,0.0,0.0,0.0,0.0,0,0,0,0,0,0.0,,640,281,640,281,636,277,640,281,,,,,,,0.0,0.0,0.0,0.0,0.0,0.0,84,55,641,282,641,282,627,271,0.0,0.0
63,Veljko,Milosavljevic,Veljko Milosavljević,Bournemouth,DEF,2026-09-06 15:09:00.155543+00:00,0,0,5.0,0.0,0,0,0,0,0,0,0,0,0,0,0,0,0,0.0,0.0,0.0,0.0,0.0,0,0.0,0.0,0.0,183,580,21,42,0.0,0.0,0.0,0.0,0.0,0.0,0.0,0.0,0,0,0,0,0,0.0,Unspecified injury - Unknown return date,574,208,581,208,552,204,582,208,,,,,,,0.0,0.0,0.0,0.0,0.0,0.0,369,66,597,209,597,209,607,204,0.0,0.0
561,Aaron,Anselmino,Aaron Anselmino,Chelsea,DEF,2026-09-06 15:09:00.155543+00:00,0,0,4.5,0.0,0,0,0,0,0,0,0,0,0,0,0,0,0,0.0,0.0,0.0,0.0,0.0,0,0.0,0.0,0.0,403,756,56,36,0.0,0.0,0.0,0.0,0.0,0.0,0.0,0.0,0,0,0,0,0,0.0,,481,189,481,190,426,181,490,189,,,,,,,0.0,0.0,0.0,0.0,0.0,0.0,559,150,516,194,516,194,569,193,0.0,0.0
441,Chido,Obi,Chido Obi,Man Utd,FWD,2026-09-06 15:09:00.155543+00:00,0,0,4.5,1.2,0,0,0,0,0,0,0,0,0,0,0,0,0,0.0,0.0,0.0,0.0,0.0,0,0.0,0.0,0.0,29787,30421,4353,3014,0.0,0.0,0.0,0.0,0.0,0.0,0.0,0.0,0,0,0,0,0,0.0,,473,45,474,50,418,47,483,50,,,,,,,0.0,0.0,0.0,0.0,0.0,0.0,549,75,509,54,509,54,171,26,0.0,0.0
511,João Victor,de Souza Menezes,João Victor Souza,Spurs,DEF,2026-09-06 15:09:00.155543+00:00,0,0,4.0,0.2,0,0,0,0,0,0,0,0,0,0,0,0,0,0.0,0.0,0.0,0.0,0.0,0,0.0,0.0,0.0,2555,10243,0,1407,0.0,0.0,0.0,0.0,0.0,0.0,0.0,0.0,0,0,0,0,0,0.0,Has joined FC Porto on loan for the rest of the season,393,155,385,153,313,130,403,155,,,,,,,0.0,0.0,0.0,0.0,0.0,0.0,649,210,436,165,436,165,323,117,0.0,0.0
521,Dejan,Kulusevski,Dejan Kulusevski,Spurs,MID,2026-09-06 15:09:00.155543+00:00,0,0,6.5,0.0,0,0,0,0,0,0,0,0,0,0,0,0,0,0.0,0.0,0.0,0.0,0.0,0,0.0,0.0,0.0,188,472,26,54,0.0,0.0,0.0,0.0,0.0,0.0,0.0,0.0,0,0,0,0,0,0.0,Knee injury - Unknown return date,645,286,645,286,644,285,645,286,,,,,,,0.0,0.0,0.0,0.0,0.0,0.0,39,27,646,287,646,287,606,257,0.0,0.0
518,Pape Matar,Sarr,Pape Matar P.M.Sarr,Spurs,MID,2026-09-06 15:09:00.155543+00:00,0,0,4.9,0.1,0,0,0,0,0,0,0,0,0,0,0,0,0,0.0,0.0,0.0,0.0,0.0,0,0.0,0.0,0.0,4138,17765,0,1494,-0.1,0.1,0.0,0.0,0.0,0.0,0.0,0.0,0,0,0,0,0,0.0,Has joined Juventus on loan for the rest of the season,507,197,508,205,456,165,517,202,,,,,,,0.0,0.0,0.0,0.0,0.0,0.0,403,243,539,217,539,217,397,150,0.0,0.0
517,Wilson,Odobert,Wilson Odobert,Spurs,MID,2026-09-06 15:09:00.155543+00:00,0,0,5.5,0.0,0,0,0,0,0,0,0,0,0,0,0,0,0,0.0,0.0,0.0,0.0,0.0,0,0.0,0.0,0.0,51,62,8,5,0.0,0.0,0.0,0.0,0.0,0.0,0.0,0.0,0,0,0,0,0,0.0,Knee injury - Unknown return date,617,269,621,270,610,262,621,269,,,,,,,0.0,0.0,0.0,0.0,0.0,0.0,186,115,626,272,626,272,650,288,0.0,0.0
23,Fábio,Ferreira Vieira,Fábio Fábio Vieira,Arsenal,MID,2026-09-06 15:09:00.155543+00:00,0,0,5.5,0.0,0,0,0,0,0,0,0,0,0,0,0,0,0,0.0,0.0,0.0,0.0,0.0,0,0.0,0.0,0.0,255,632,0,106,0.0,0.0,0.0,0.0,0.0,0.0,0.0,0.0,0,0,0,0,0,0.0,Has joined Hamburger SV permanently,611,263,615,264,601,254,616,264,,,,,,,0.0,0.0,0.0,0.0,0.0,0.0,155,93,623,269,623,269,609,259,0.0,0.0
24,Reiss,Nelson,Reiss Nelson,Arsenal,MID,2026-09-06 15:09:00.155543+00:00,0,0,5.5,0.0,0,0,0,0,0,0,0,0,0,0,0,0,0,0.0,0.0,0.0,0.0,0.0,0,0.0,0.0,0.0,68,509,0,34,0.0,0.0,0.0,0.0,0.0,0.0,0.0,0.0,0,0,0,0,0,0.0,has departed the club as a free agent.,606,259,609,260,592,247,611,260,,,,,,,0.0,0.0,0.0,0.0,0.0,0.0,136,83,620,266,620,266,619,265,0.0,0.0
513,Xavi,Simons,Xavi Xavi,Spurs,MID,2026-09-06 15:09:00.155543+00:00,0,0,6.0,0.0,0,0,0,0,0,0,0,0,0,0,0,0,0,0.0,0.0,0.0,0.0,0.0,0,0.0,0.0,0.0,176,787,21,62,0.0,0.0,0.0,0.0,0.0,0.0,0.0,0.0,0,0,0,0,0,0.0,Knee injury - Unknown return date,636,280,637,280,632,276,637,280,,,2.0,,4.0,,0.0,0.0,0.0,0.0,0.0,0.0,76,51,640,281,640,281,589,245,0.0,0.0
510,James,Rowswell,James Rowswell,Spurs,DEF,2026-09-06 15:09:00.155543+00:00,0,0,4.0,0.1,0,0,0,0,0,0,0,0,0,0,0,0,0,0.0,0.0,0.0,0.0,0.0,0,0.0,0.0,0.0,1413,1769,180,151,0.0,0.0,0.0,0.0,0.0,0.0,0.0,0.0,0,0,0,0,0,0.0,,376,140,368,138,293,112,386,140,,,,,,,0.0,0.0,0.0,0.0,0.0,0.0,627,190,419,150,419,150,443,157,0.0,0.0
528,Dane,Scarlett,Dane Scarlett,Spurs,FWD,2026-09-06 15:09:00.155543+00:00,0,0,4.5,1.6,0,0,0,0,0,0,0,0,0,0,0,0,0,0.0,0.0,0.0,0.0,0.0,0,0.0,0.0,0.0,42525,61421,0,9492,0.0,0.0,0.0,0.0,0.0,0.0,0.0,0.0,0,0,0,0,0,0.0,Has joined Leyton Orient permanently,436,36,438,42,380,38,446,41,,,,,,,0.0,0.0,0.0,0.0,0.0,0.0,508,66,474,46,474,46,143,21,0.0,0.0
509,Jun'ai,Byfield,Jun'ai Byfield,Spurs,DEF,2026-09-06 15:09:00.155543+00:00,0,0,4.0,0.1,0,0,0,0,0,0,0,0,0,0,0,0,0,0.0,0.0,0.0,0.0,0.0,0,0.0,0.0,0.0,1196,1327,158,121,0.0,0.0,0.0,0.0,0.0,0.0,0.0,0.0,0,0,0,0,0,0.0,,394,156,386,154,314,131,404,156,,,,,,,0.0,0.0,0.0,0.0,0.0,0.0,650,211,437,166,437,166,487,172,0.0,0.0
508,Ben,Davies,Ben Davies,Spurs,DEF,2026-09-06 15:09:00.155543+00:00,0,0,4.0,0.9,0,0,0,0,0,0,0,0,0,0,0,0,0,0.0,0.0,0.0,0.0,0.0,0,0.0,0.0,0.0,7790,22480,608,1730,0.0,0.0,0.0,0.0,0.0,0.0,0.0,0.0,0,0,0,0,0,0.0,,351,127,341,123,263,94,360,126,,,,,,,0.0,0.0,0.0,0.0,0.0,0.0,588,163,395,138,395,138,198,76,0.0,0.0
507,Ashley,Phillips,Ashley Phillips,Spurs,DEF,2026-09-06 15:09:00.155543+00:00,0,0,4.5,0.0,0,0,0,0,0,0,0,0,0,0,0,0,0,0.0,0.0,0.0,0.0,0.0,0,0.0,0.0,0.0,0,1005,0,35,0.0,0.0,0.0,0.0,0.0,0.0,0.0,0.0,0,0,0,0,0,0.0,Has joined Middlesbrough permanently,454,182,456,183,398,172,464,182,,,,,,,0.0,0.0,0.0,0.0,0.0,0.0,526,139,491,187,491,187,578,196,0.0,0.0
25,Viktor,Gyökeres,Viktor Gyökeres,Arsenal,FWD,2026-09-06 15:09:00.155543+00:00,0,0,7.3,4.4,0,0,0,0,0,0,0,0,0,0,0,0,0,0.0,0.0,0.0,0.0,0.0,0,0.0,0.0,0.0,19182,455796,2245,16676,-0.2,0.2,0.0,0.0,0.0,0.0,0.0,0.0,0,0,0,0,0,0.0,,648,76,648,76,648,76,648,76,,,,,2.0,,0.0,0.0,0.0,0.0,0.0,0.0,23,8,648,76,648,76,81,12,0.0,0.0
505,Djed,Spence,Djed Spence,Spurs,DEF,2026-09-06 15:09:00.155543+00:00,0,0,4.5,0.3,0,0,0,0,0,0,0,0,0,0,0,0,0,0.0,0.0,0.0,0.0,0.0,0,0.0,0.0,0.0,0,61717,0,1641,0.0,0.0,0.0,0.0,0.0,0.0,0.0,0.0,0,0,0,0,0,0.0,Has joined Internazionale permanently,423,168,419,168,356,153,433,168,,,,,,,0.0,0.0,0.0,0.0,0.0,0.0,474,111,462,175,462,175,294,109,0.0,0.0
27,Gabriel,Fernando de Jesus,Gabriel G.Jesus,Arsenal,FWD,2026-09-06 15:09:00.155543+00:00,0,0,5.9,0.2,0,0,0,0,0,0,0,0,0,0,0,0,0,0.0,0.0,0.0,0.0,0.0,0,0.0,0.0,0.0,4164,21563,0,3276,-0.1,0.1,0.0,0.0,0.0,0.0,0.0,0.0,0,0,0,0,0,0.0,Has joined FC Barcelona permanently,624,70,627,73,617,71,627,73,,,,,,,0.0,0.0,0.0,0.0,0.0,0.0,92,24,632,75,632,75,330,54,0.0,0.0
524,Callum,Olusesi,Callum Olusesi,Spurs,MID,2026-09-06 15:09:00.155543+00:00,0,0,4.5,0.7,0,0,0,0,0,0,0,0,0,0,0,0,0,0.0,0.0,0.0,0.0,0.0,0,0.0,0.0,0.0,3977,20157,350,1379,0.0,0.0,0.0,0.0,0.0,0.0,0.0,0.0,0,0,0,0,0,0.0,,441,169,443,178,385,136,451,174,,,,,,,0.0,0.0,0.0,0.0,0.0,0.0,513,270,479,191,479,191,228,75,0.0,0.0
601,Luca,Williams-Barnett,Luca Williams-Barnett,Spurs,MID,2026-09-06 15:09:00.155543+00:00,0,0,4.5,0.1,0,0,0,0,0,0,0,0,0,0,0,0,0,0.0,0.0,0.0,0.0,0.0,0,0.0,0.0,0.0,7844,3171,741,421,0.0,0.0,0.0,0.0,0.0,0.0,0.0,0.0,0,0,0,0,0,0.0,,477,180,478,189,422,147,487,185,,,,,,,0.0,0.0,0.0,0.0,0.0,0.0,554,283,513,202,513,202,395,148,0.0,0.0
442,Nick,Pope,Nick Pope,Newcastle,GKP,2026-09-06 15:09:00.155543+00:00,0,0,5.0,1.1,0,0,0,0,0,0,0,0,0,0,0,0,0,0.0,0.0,0.0,0.0,0.0,0,0.0,0.0,0.0,8404,34570,746,3057,0.0,0.0,0.0,0.0,0.0,0.0,0.0,0.0,0,0,0,0,0,0.0,,517,68,520,57,472,56,527,68,,,,,,,0.0,0.0,0.0,0.0,0.0,0.0,243,6,548,68,548,68,183,28,0.0,0.0
546,Simon,Adingra,Simon Adingra,Sunderland,MID,2026-09-06 15:09:00.155543+00:00,0,0,4.9,0.0,0,0,0,0,0,0,0,0,0,0,0,0,0,0.0,0.0,0.0,0.0,0.0,0,0.0,0.0,0.0,240,5767,0,272,-0.1,0.1,0.0,0.0,0.0,0.0,0.0,0.0,0,0,0,0,0,0.0,Has joined Ajax on loan for the rest of the season,510,199,511,207,459,167,520,204,,,,,,,0.0,0.0,0.0,0.0,0.0,0.0,410,248,542,219,542,219,513,210,0.0,0.0
613,Jules,Ahoka,Jules Ahoka,Sunderland,MID,2026-09-06 15:09:00.155543+00:00,0,0,4.5,0.2,0,0,0,0,0,0,0,0,0,0,0,0,0,0.0,0.0,0.0,0.0,0.0,0,0.0,0.0,0.0,17638,5607,1981,911,0.0,0.0,0.0,0.0,0.0,0.0,0.0,0.0,0,0,0,0,0,0.0,,489,187,489,195,434,153,498,191,,,,,,,0.0,0.0,0.0,0.0,0.0,0.0,567,290,524,208,524,208,324,116,0.0,0.0
612,Dayann,Méthalie,Dayann Methalie,Sunderland,DEF,2026-09-06 15:09:00.155543+00:00,0,0,4.5,0.0,0,0,0,0,0,0,0,0,0,0,0,0,0,0.0,0.0,0.0,0.0,0.0,0,0.0,0.0,0.0,491,152,34,25,0.0,0.0,0.0,0.0,0.0,0.0,0.0,0.0,0,0,0,0,0,0.0,,484,190,484,191,429,182,493,190,,,,,,,0.0,0.0,0.0,0.0,0.0,0.0,562,151,519,195,519,195,621,207,0.0,0.0
3,Illan,Meslier,Illan Meslier,Arsenal,GKP,2026-09-06 15:09:00.155543+00:00,0,0,4.9,0.0,0,0,0,0,0,0,0,0,0,0,0,0,0,0.0,0.0,0.0,0.0,0.0,0,0.0,0.0,0.0,322,1029,49,78,-0.1,0.1,-0.1,0.1,0.0,0.0,0.0,0.0,0,0,0,0,0,0.0,,501,66,502,54,450,53,511,66,,,,,,,0.0,0.0,0.0,0.0,0.0,0.0,395,20,534,66,534,66,536,60,0.0,0.0
5,Jurriën,Timber,Jurriën J.Timber,Arsenal,DEF,2026-09-06 15:09:00.155543+00:00,0,0,6.5,0.1,0,0,0,0,0,0,0,0,0,0,0,0,0,0.0,0.0,0.0,0.0,0.0,0,0.0,0.0,0.0,1171,5919,221,374,0.0,0.0,0.0,0.0,0.0,0.0,0.0,0.0,0,0,0,0,0,0.0,Groin injury - 25% chance of playing,646,214,646,214,645,214,646,214,,,,,,,0.0,0.0,0.0,0.0,0.0,0.0,40,3,647,214,647,214,450,159,0.0,0.0
6,William,Saliba,William Saliba,Arsenal,DEF,2026-09-06 15:09:00.155543+00:00,0,0,6.0,0.2,0,0,0,0,0,0,0,0,0,0,0,0,0,0.0,0.0,0.0,0.0,0.0,0,0.0,0.0,0.0,2224,13349,276,1051,0.0,0.0,0.0,0.0,0.0,0.0,0.0,0.0,0,0,0,0,0,0.0,Back injury - Unknown return date,635,213,636,213,631,213,636,213,,,,,,,0.0,0.0,0.0,0.0,0.0,0.0,74,8,639,213,639,213,325,118,0.0,0.0
550,Djiamgone Jocelin Ta,Bi,Djiamgone Jocelin Ta Jocelin.T,Sunderland,MID,2026-09-06 15:09:00.155543+00:00,0,0,5.0,0.0,0,0,0,0,0,0,0,0,0,0,0,0,0,0.0,0.0,0.0,0.0,0.0,0,0.0,0.0,0.0,147,218,16,16,0.0,0.0,0.0,0.0,0.0,0.0,0.0,0.0,0,0,0,0,0,0.0,,580,242,587,248,558,226,588,245,,,,,,,0.0,0.0,0.0,0.0,0.0,0.0,377,229,603,255,603,255,622,267,0.0,0.0
540,Arthur,Masuaku,Arthur Masuaku,Sunderland,DEF,2026-09-06 15:09:00.155543+00:00,0,0,4.0,0.2,0,0,0,0,0,0,0,0,0,0,0,0,0,0.0,0.0,0.0,0.0,0.0,0,0.0,0.0,0.0,0,8419,0,481,0.0,0.0,0.0,0.0,0.0,0.0,0.0,0.0,0,0,0,0,0,0.0,Has joined Konyaspor permanently,349,126,339,122,261,93,358,125,,,,,,,0.0,0.0,0.0,0.0,0.0,0.0,585,161,393,137,393,137,355,132,0.0,0.0
22,Ethan,Nwaneri,Ethan Nwaneri,Arsenal,MID,2026-09-06 15:09:00.155543+00:00,0,0,5.4,0.0,0,0,0,0,0,0,0,0,0,0,0,0,0,0.0,0.0,0.0,0.0,0.0,0,0.0,0.0,0.0,233,882,0,131,-0.1,0.1,0.0,0.0,0.0,0.0,0.0,0.0,0,0,0,0,0,0.0,Has joined Borussia Dortmund on loan for the rest of the season,595,253,600,257,578,240,602,255,,,,,,,0.0,0.0,0.0,0.0,0.0,0.0,225,140,614,263,614,263,604,256,0.0,0.0
538,Leo Fuhr,Hjelde,Leo Fuhr Hjelde,Sunderland,DEF,2026-09-06 15:09:00.155543+00:00,0,0,4.0,0.0,0,0,0,0,0,0,0,0,0,0,0,0,0,0.0,0.0,0.0,0.0,0.0,0,0.0,0.0,0.0,0,1789,0,119,0.0,0.0,0.0,0.0,0.0,0.0,0.0,0.0,0,0,0,0,0,0.0,Has joined KV Mechelen on loan for the rest of the season,370,136,362,134,287,108,380,136,,,,,,,0.0,0.0,0.0,0.0,0.0,0.0,621,186,414,147,414,147,507,176,0.0,0.0
537,Jenson,Seelt,Jenson Seelt,Sunderland,DEF,2026-09-06 15:09:00.155543+00:00,0,0,4.5,0.0,0,0,0,0,0,0,0,0,0,0,0,0,0,0.0,0.0,0.0,0.0,0.0,0,0.0,0.0,0.0,61,518,0,31,0.0,0.0,0.0,0.0,0.0,0.0,0.0,0.0,0,0,0,0,0,0.0,Has joined Swansea City on loan for the rest of the season,449,181,451,182,393,171,459,181,,,,,,,0.0,0.0,0.0,0.0,0.0,0.0,521,138,486,186,486,186,617,206,0.0,0.0
18,Gabriel,Martinelli Silva,Gabriel Martinelli,Arsenal,MID,2026-09-06 15:09:00.155543+00:00,0,0,6.3,0.1,0,0,0,0,0,0,0,0,0,0,0,0,0,0.0,0.0,0.0,0.0,0.0,0,0.0,0.0,0.0,2483,16251,0,2609,-0.2,0.2,0.0,0.0,0.0,0.0,0.0,0.0,0,0,0,0,0,0.0,Has joined Al Hilal permanently,643,284,643,284,640,281,643,284,,,,,,,0.0,0.0,0.0,0.0,0.0,0.0,56,40,644,285,644,285,402,153,0.0,0.0
20,Max,Dowman,Max Dowman,Arsenal,MID,2026-09-06 15:09:00.155543+00:00,0,0,5.4,0.1,0,0,0,0,0,0,0,0,0,0,0,0,0,0.0,0.0,0.0,0.0,0.0,0,0.0,0.0,0.0,1225,4637,144,310,-0.1,0.1,0.0,0.0,0.0,0.0,0.0,0.0,0,0,0,0,0,0.0,,601,258,603,259,583,244,607,259,,,,,,,0.0,0.0,0.0,0.0,0.0,0.0,234,148,616,265,616,265,470,185,0.0,0.0
531,Melker,Ellborg,Melker Ellborg,Sunderland,GKP,2026-09-06 15:09:00.155543+00:00,0,0,4.5,0.1,0,0,0,0,0,0,0,0,0,0,0,0,0,0.0,0.0,0.0,0.0,0.0,0,0.0,0.0,0.0,668,1948,54,143,0.0,0.0,0.0,0.0,0.0,0.0,0.0,0.0,0,0,0,0,0,0.0,,448,61,450,47,392,46,458,61,,,,,,,0.0,0.0,0.0,0.0,0.0,0.0,520,45,485,61,485,61,447,49,0.0,0.0
530,Anthony,Patterson,Anthony Patterson,Sunderland,GKP,2026-09-06 15:09:00.155543+00:00,0,0,4.0,0.1,0,0,0,0,0,0,0,0,0,0,0,0,0,0.0,0.0,0.0,0.0,0.0,0,0.0,0.0,0.0,0,4152,0,229,0.0,0.0,0.0,0.0,0.0,0.0,0.0,0.0,0,0,0,0,0,0.0,Has joined Wrexham permanently,362,37,354,16,278,15,372,37,,,,,,,0.0,0.0,0.0,0.0,0.0,0.0,608,63,406,37,406,37,382,44,0.0,0.0
500,Cristian,Romero,Cristian Romero,Spurs,DEF,2026-09-06 15:09:00.155543+00:00,0,0,5.0,0.1,0,0,0,0,0,0,0,0,0,0,0,0,0,0.0,0.0,0.0,0.0,0.0,0,0.0,0.0,0.0,0,14952,0,410,0.0,0.0,0.0,0.0,0.0,0.0,0.0,0.0,0,0,0,0,0,0.0,Has joined Atletico Madrid permanently,532,201,535,201,492,194,540,201,,,,,,,0.0,0.0,0.0,0.0,0.0,0.0,278,45,559,202,559,202,417,149,0.0,0.0
497,Martin,Dubravka,Martin Dubravka,Spurs,GKP,2026-09-06 15:09:00.155543+00:00,0,0,4.0,18.0,0,0,0,0,0,0,0,0,0,0,0,0,0,0.0,0.0,0.0,0.0,0.0,0,0.0,0.0,0.0,189220,201689,23122,19041,0.0,0.0,0.0,0.0,0.0,0.0,0.0,0.0,0,0,0,0,0,0.0,,344,27,334,6,256,5,353,27,,,,,,,0.0,0.0,0.0,0.0,0.0,0.0,580,53,388,27,388,27,20,4,0.0,0.0
495,Brandon,Austin,Brandon Austin,Spurs,GKP,2026-09-06 15:09:00.155543+00:00,0,0,4.0,1.0,0,0,0,0,0,0,0,0,0,0,0,0,0,0.0,0.0,0.0,0.0,0.0,0,0.0,0.0,0.0,14742,10485,1813,965,0.0,0.0,0.0,0.0,0.0,0.0,0.0,0.0,0,0,0,0,0,0.0,,359,36,351,15,275,14,369,36,,,,,,,0.0,0.0,0.0,0.0,0.0,0.0,602,62,403,36,403,36,196,31,0.0,0.0
458,Joelinton Cássio,Apolinário de Lira,Joelinton Cássio Joelinton,Newcastle,MID,2026-09-06 15:09:00.155543+00:00,0,0,5.4,0.0,0,0,0,0,0,0,0,0,0,0,0,0,0,0.0,0.0,0.0,0.0,0.0,0,0.0,0.0,0.0,143,1778,9,78,-0.1,0.1,0.0,0.0,0.0,0.0,0.0,0.0,0,0,0,0,0,0.0,Unspecified injury - Unknown return date,582,243,589,249,562,228,590,246,,,,,,,0.0,0.0,0.0,0.0,0.0,0.0,199,122,605,256,605,256,562,231,0.0,0.0
468,John Victor,Maciel Furtado,John Victor John,Nott'm Forest,GKP,2026-09-06 15:09:00.155543+00:00,0,0,4.5,0.1,0,0,0,0,0,0,0,0,0,0,0,0,0,0.0,0.0,0.0,0.0,0.0,0,0.0,0.0,0.0,490,1207,53,90,0.0,0.0,0.0,0.0,0.0,0.0,0.0,0.0,0,0,0,0,0,0.0,,419,56,415,37,351,36,429,56,,,,,,,0.0,0.0,0.0,0.0,0.0,0.0,465,35,458,56,458,56,482,55,0.0,0.0
50,Bradley,Burrowes,Bradley Burrowes,Aston Villa,MID,2026-09-06 15:09:00.155543+00:00,0,0,4.5,0.7,0,0,0,0,0,0,0,0,0,0,0,0,0,0.0,0.0,0.0,0.0,0.0,0,0.0,0.0,0.0,14050,17485,1832,1604,0.0,0.0,0.0,0.0,0.0,0.0,0.0,0.0,0,0,0,0,0,0.0,,485,184,485,192,430,150,494,188,,,,,,,0.0,0.0,0.0,0.0,0.0,0.0,563,287,520,205,520,205,235,80,0.0,0.0
609,Leo,Shahar,Leo Shahar,Newcastle,DEF,2026-09-06 15:09:00.155543+00:00,0,0,4.0,0.3,0,0,0,0,0,0,0,0,0,0,0,0,0,0.0,0.0,0.0,0.0,0.0,0,0.0,0.0,0.0,15942,4652,1078,691,0.0,0.0,0.0,0.0,0.0,0.0,0.0,0.0,0,0,0,0,0,0.0,,385,148,377,146,302,120,395,148,,,,,,,0.0,0.0,0.0,0.0,0.0,0.0,637,199,428,158,428,158,312,113,0.0,0.0
53,Johan,Manzambi,Johan Manzambi,Aston Villa,MID,2026-09-06 15:09:00.155543+00:00,0,0,5.9,0.1,0,0,0,0,0,0,0,0,0,0,0,0,0,0.0,0.0,0.0,0.0,0.0,0,0.0,0.0,0.0,686,14377,113,538,-0.1,0.1,0.0,0.0,0.0,0.0,0.0,0.0,0,0,0,0,0,0.0,Knee injury - Expected back 12 Sep,632,277,632,277,627,273,633,277,,,,,,,0.0,0.0,0.0,0.0,0.0,0.0,115,75,636,278,636,278,389,143,0.0,0.0
466,Sean,Neave,Sean Neave,Newcastle,FWD,2026-09-06 15:09:00.155543+00:00,0,0,4.5,0.8,0,0,0,0,0,0,0,0,0,0,0,0,0,0.0,0.0,0.0,0.0,0.0,0,0.0,0.0,0.0,23805,27345,0,5821,0.0,0.0,0.0,0.0,0.0,0.0,0.0,0.0,0,0,0,0,0,0.0,Has joined Wolves on loan for the rest of the season,475,46,476,51,420,48,485,51,,,,,,,0.0,0.0,0.0,0.0,0.0,0.0,551,76,511,55,511,55,221,37,0.0,0.0
55,Ollie,Watkins,Ollie Watkins,Aston Villa,FWD,2026-09-06 15:09:00.155543+00:00,0,0,7.8,3.8,0,0,0,0,0,0,0,0,0,0,0,0,0,0.0,0.0,0.0,0.0,0.0,0,0.0,0.0,0.0,14882,632948,0,47109,-0.2,0.2,0.0,0.0,0.0,0.0,0.0,0.0,0,0,0,0,0,0.0,Has joined Al Hilal permanently,652,78,652,78,652,78,652,78,,,,,,,0.0,0.0,0.0,0.0,0.0,0.0,13,4,652,78,652,78,88,13,0.0,0.0
582,Brian,Madjo,Brian Madjo,Aston Villa,FWD,2026-09-06 15:09:00.155543+00:00,0,0,5.5,0.3,0,0,0,0,0,0,0,0,0,0,0,0,0,0.0,0.0,0.0,0.0,0.0,0,0.0,0.0,0.0,2178,19505,118,1225,0.0,0.0,0.0,0.0,0.0,0.0,0.0,0.0,0,0,0,0,0,0.0,Unspecified injury - Unknown return date,620,67,624,71,614,69,624,71,,,,,,,0.0,0.0,0.0,0.0,0.0,0.0,195,46,629,73,629,73,297,50,0.0,0.0
494,Guglielmo,Vicario,Guglielmo Vicario,Spurs,GKP,2026-09-06 15:09:00.155543+00:00,0,0,4.5,0.2,0,0,0,0,0,0,0,0,0,0,0,0,0,0.0,0.0,0.0,0.0,0.0,0,0.0,0.0,0.0,0,17897,0,701,0.0,0.0,0.0,0.0,0.0,0.0,0.0,0.0,0,0,0,0,0,0.0,Has joined Juventus on loan for the rest of the season,414,54,409,35,343,34,424,54,,,,,,,0.0,0.0,0.0,0.0,0.0,0.0,452,33,454,54,454,54,350,39,0.0,0.0
451,Alex,Murphy,Alex A.Murphy,Newcastle,DEF,2026-09-06 15:09:00.155543+00:00,0,0,4.0,0.1,0,0,0,0,0,0,0,0,0,0,0,0,0,0.0,0.0,0.0,0.0,0.0,0,0.0,0.0,0.0,0,5385,0,283,0.0,0.0,0.0,0.0,0.0,0.0,0.0,0.0,0,0,0,0,0,0.0,Has joined FC Kaiserslautern on loan for the rest of the season,381,144,373,142,298,116,391,144,,,,,,,0.0,0.0,0.0,0.0,0.0,0.0,633,195,424,154,424,154,467,166,0.0,0.0
448,Dan,Burn,Dan Burn,Newcastle,DEF,2026-09-06 15:09:00.155543+00:00,0,0,4.9,1.1,0,0,0,0,0,0,0,0,0,0,0,0,0,0.0,0.0,0.0,0.0,0.0,0,0.0,0.0,0.0,6870,127690,74,5411,-0.1,0.1,0.0,0.0,0.0,0.0,0.0,0.0,0,0,0,0,0,0.0,Ankle injury - Expected back 14 Sep,490,191,491,192,436,183,499,191,,,,,,,0.0,0.0,0.0,0.0,0.0,0.0,378,67,525,196,525,196,188,72,0.0,0.0
606,Triston,Rowe,Triston Rowe,Aston Villa,DEF,2026-09-06 15:09:00.155543+00:00,0,0,4.0,0.1,0,0,0,0,0,0,0,0,0,0,0,0,0,0.0,0.0,0.0,0.0,0.0,0,0.0,0.0,0.0,8698,2294,738,365,0.0,0.0,0.0,0.0,0.0,0.0,0.0,0.0,0,0,0,0,0,0.0,,386,149,378,147,304,122,396,149,,,,,,,0.0,0.0,0.0,0.0,0.0,0.0,639,201,429,159,429,159,370,135,0.0,0.0
607,Luka,Lynch,Luka Lynch,Aston Villa,MID,2026-09-06 15:09:00.155543+00:00,0,0,4.5,0.1,0,0,0,0,0,0,0,0,0,0,0,0,0,0.0,0.0,0.0,0.0,0.0,0,0.0,0.0,0.0,7103,4273,0,1118,0.0,0.0,0.0,0.0,0.0,0.0,0.0,0.0,0,0,0,0,0,0.0,Has joined Oxford United on loan until January,465,174,466,183,409,141,475,179,,,,,,,0.0,0.0,0.0,0.0,0.0,0.0,538,275,501,196,501,196,421,165,0.0,0.0
444,Ewen,Jaouen,Ewen Jaouen,Newcastle,GKP,2026-09-06 15:09:00.155543+00:00,0,0,4.5,0.0,0,0,0,0,0,0,0,0,0,0,0,0,0,0.0,0.0,0.0,0.0,0.0,0,0.0,0.0,0.0,342,874,36,65,0.0,0.0,0.0,0.0,0.0,0.0,0.0,0.0,0,0,0,0,0,0.0,,459,64,461,50,403,49,469,64,,,,,,,0.0,0.0,0.0,0.0,0.0,0.0,532,48,496,64,496,64,550,64,0.0,0.0
443,Mark,Gillespie,Mark Gillespie,Newcastle,GKP,2026-09-06 15:09:00.155543+00:00,0,0,4.5,0.0,0,0,0,0,0,0,0,0,0,0,0,0,0,0.0,0.0,0.0,0.0,0.0,0,0.0,0.0,0.0,440,670,39,57,0.0,0.0,0.0,0.0,0.0,0.0,0.0,0.0,0,0,0,0,0,0.0,,400,47,394,28,326,27,410,47,,,,,,,0.0,0.0,0.0,0.0,0.0,0.0,428,26,443,47,443,47,526,59,0.0,0.0
49,Samuel,Iling-Junior,Samuel Iling Jr,Aston Villa,MID,2026-09-06 15:09:00.155543+00:00,0,0,5.0,0.0,0,0,0,0,0,0,0,0,0,0,0,0,0,0.0,0.0,0.0,0.0,0.0,0,0.0,0.0,0.0,0,192,0,9,0.0,0.0,0.0,0.0,0.0,0.0,0.0,0.0,0,0,0,0,0,0.0,Has joined Bolton Wanderers on loan for the rest of the season,547,222,553,229,515,199,555,225,,,,,,,0.0,0.0,0.0,0.0,0.0,0.0,310,185,573,238,573,238,644,283,0.0,0.0
470,Felipe,Rodrigues da Silva,Felipe Morato,Nott'm Forest,DEF,2026-09-06 15:09:00.155543+00:00,0,0,5.0,0.0,0,0,0,0,0,0,0,0,0,0,0,0,0,0.0,0.0,0.0,0.0,0.0,0,0.0,0.0,0.0,424,2379,0,346,0.0,0.0,0.0,0.0,0.0,0.0,0.0,0.0,0,0,0,0,0,0.0,Has joined West Ham on loan for the rest of the season,548,205,555,205,518,200,556,205,,,,,,,0.0,0.0,0.0,0.0,0.0,0.0,316,58,574,206,574,206,533,185,0.0,0.0
48,Amadou,Onana,Amadou Onana,Aston Villa,MID,2026-09-06 15:09:00.155543+00:00,0,0,5.0,0.0,0,0,0,0,0,0,0,0,0,0,0,0,0,0.0,0.0,0.0,0.0,0.0,0,0.0,0.0,0.0,329,1186,32,87,0.0,0.0,0.0,0.0,0.0,0.0,0.0,0.0,0,0,0,0,0,0.0,Knee injury - Unknown return date,541,218,546,225,507,195,549,221,,,,,,,0.0,0.0,0.0,0.0,0.0,0.0,299,179,568,235,568,235,574,237,0.0,0.0
44,Leon,Bailey,Leon Bailey,Aston Villa,MID,2026-09-06 15:09:00.155543+00:00,0,0,5.4,0.1,0,0,0,0,0,0,0,0,0,0,0,0,0,0.0,0.0,0.0,0.0,0.0,0,0.0,0.0,0.0,2096,8174,0,1793,-0.1,0.1,0.0,0.0,0.0,0.0,0.0,0.0,0,0,0,0,0,0.0,Has joined Olympiakos permanently,584,245,591,251,564,230,592,248,,,,,,,0.0,0.0,0.0,0.0,0.0,0.0,202,125,607,258,607,258,423,167,0.0,0.0
39,Kosta,Nedeljkovic,Kosta Nedeljkovic,Aston Villa,DEF,2026-09-06 15:09:00.155543+00:00,0,0,4.0,0.2,0,0,0,0,0,0,0,0,0,0,0,0,0,0.0,0.0,0.0,0.0,0.0,0,0.0,0.0,0.0,0,11765,0,539,0.0,0.0,0.0,0.0,0.0,0.0,0.0,0.0,0,0,0,0,0,0.0,Has joined Rangers on loan for the rest of the season,390,153,382,151,309,127,400,153,,,,,,,0.0,0.0,0.0,0.0,0.0,0.0,644,206,433,163,433,163,354,131,0.0,0.0
475,Nicolò,Savona,Nicolò Savona,Nott'm Forest,DEF,2026-09-06 15:09:00.155543+00:00,0,0,4.5,0.0,0,0,0,0,0,0,0,0,0,0,0,0,0,0.0,0.0,0.0,0.0,0.0,0,0.0,0.0,0.0,158,186,11,7,0.0,0.0,0.0,0.0,0.0,0.0,0.0,0.0,0,0,0,0,0,0.0,Knee injury - Unknown return date,443,178,445,179,387,168,453,178,,,,,,,0.0,0.0,0.0,0.0,0.0,0.0,515,135,481,184,481,184,643,213,0.0,0.0
476,Omar,Richards,Omar O.Richards,Nott'm Forest,DEF,2026-09-06 15:09:00.155543+00:00,0,0,4.0,0.2,0,0,0,0,0,0,0,0,0,0,0,0,0,0.0,0.0,0.0,0.0,0.0,0,0.0,0.0,0.0,2005,4455,252,331,0.0,0.0,0.0,0.0,0.0,0.0,0.0,0.0,0,0,0,0,0,0.0,,358,130,350,128,274,101,368,130,,,,,,,0.0,0.0,0.0,0.0,0.0,0.0,601,172,402,141,402,141,327,120,0.0,0.0
477,Zach,Abbott,Zach Abbott,Nott'm Forest,DEF,2026-09-06 15:09:00.155543+00:00,0,0,4.0,0.2,0,0,0,0,0,0,0,0,0,0,0,0,0,0.0,0.0,0.0,0.0,0.0,0,0.0,0.0,0.0,2459,7775,0,1287,0.0,0.0,0.0,0.0,0.0,0.0,0.0,0.0,0,0,0,0,0,0.0,Has joined Southampton on loan for the rest of the season,384,147,376,145,301,119,394,147,,,,,,,0.0,0.0,0.0,0.0,0.0,0.0,636,198,427,157,427,157,338,123,0.0,0.0
479,Tyler,Bindon,Tyler Bindon,Nott'm Forest,DEF,2026-09-06 15:09:00.155543+00:00,0,0,4.0,0.1,0,0,0,0,0,0,0,0,0,0,0,0,0,0.0,0.0,0.0,0.0,0.0,0,0.0,0.0,0.0,799,5012,0,654,0.0,0.0,0.0,0.0,0.0,0.0,0.0,0.0,0,0,0,0,0,0.0,Has joined Charlton Athletic on loan for the rest of the season,380,143,372,141,297,115,390,143,,,,,,,0.0,0.0,0.0,0.0,0.0,0.0,631,193,423,153,423,153,371,136,0.0,0.0
38,Andrés,García,Andrés A.García,Aston Villa,DEF,2026-09-06 15:09:00.155543+00:00,0,0,4.0,1.7,0,0,0,0,0,0,0,0,0,0,0,0,0,0.0,0.0,0.0,0.0,0.0,0,0.0,0.0,0.0,27328,33731,3818,3131,0.0,0.0,0.0,0.0,0.0,0.0,0.0,0.0,0,0,0,0,0,0.0,,392,154,384,152,312,129,402,154,,,,,,,0.0,0.0,0.0,0.0,0.0,0.0,647,208,435,164,435,164,138,58,0.0,0.0
409,Divine,Mukasa,Divine Mukasa,Man City,MID,2026-09-06 15:09:00.155543+00:00,0,0,4.5,0.1,0,0,0,0,0,0,0,0,0,0,0,0,0,0.0,0.0,0.0,0.0,0.0,0,0.0,0.0,0.0,1621,7532,0,1071,0.0,0.0,0.0,0.0,0.0,0.0,0.0,0.0,0,0,0,0,0,0.0,has joined West Ham on loan for the rest of the seaon.,469,176,470,185,414,143,479,181,,,,,,,0.0,0.0,0.0,0.0,0.0,0.0,545,278,505,198,505,198,394,147,0.0,0.0
484,Omari,Hutchinson,Omari Hutchinson,Nott'm Forest,MID,2026-09-06 15:09:00.155543+00:00,0,0,5.4,0.1,0,0,0,0,0,0,0,0,0,0,0,0,0,0.0,0.0,0.0,0.0,0.0,0,0.0,0.0,0.0,427,7649,0,790,-0.1,0.1,0.0,0.0,0.0,0.0,0.0,0.0,0,0,0,0,0,0.0,Has joined AC Milan on loan for the rest of the season,596,254,601,258,579,241,603,256,,,,,,,0.0,0.0,0.0,0.0,0.0,0.0,226,141,615,264,615,264,420,164,0.0,0.0
485,Dilane,Bakwa,Dilane Bakwa,Nott'm Forest,MID,2026-09-06 15:09:00.155543+00:00,0,0,5.5,0.0,0,0,0,0,0,0,0,0,0,0,0,0,0,0.0,0.0,0.0,0.0,0.0,0,0.0,0.0,0.0,107,983,0,46,0.0,0.0,0.0,0.0,0.0,0.0,0.0,0.0,0,0,0,0,0,0.0,Has joined Lille on loan for the rest of the season,613,265,617,266,605,258,618,266,,,,,,,0.0,0.0,0.0,0.0,0.0,0.0,168,102,625,271,625,271,616,263,0.0,0.0
489,Ryan,Yates,Ryan Yates,Nott'm Forest,MID,2026-09-06 15:09:00.155543+00:00,0,0,4.5,1.4,0,0,0,0,0,0,0,0,0,0,0,0,0,0.0,0.0,0.0,0.0,0.0,0,0.0,0.0,0.0,21422,58658,2360,3392,0.0,0.0,0.0,0.0,0.0,0.0,0.0,0.0,0,0,0,0,0,0.0,,417,162,412,171,347,128,427,167,,,,,,,0.0,0.0,0.0,0.0,0.0,0.0,460,261,456,184,456,184,152,46,0.0,0.0
590,Steven,Benda,Steven Benda,Nott'm Forest,GKP,2026-09-06 15:09:00.155543+00:00,0,0,4.5,0.1,0,0,0,0,0,0,0,0,0,0,0,0,0,0.0,0.0,0.0,0.0,0.0,0,0.0,0.0,0.0,1703,1565,128,150,0.0,0.0,0.0,0.0,0.0,0.0,0.0,0.0,0,0,0,0,0,0.0,,428,58,425,40,364,39,438,58,,,,,,,0.0,0.0,0.0,0.0,0.0,0.0,485,38,466,58,466,58,468,53,0.0,0.0
30,Lucas,Digne,Lucas Digne,Aston Villa,DEF,2026-09-06 15:09:00.155543+00:00,0,0,4.5,0.1,0,0,0,0,0,0,0,0,0,0,0,0,0,0.0,0.0,0.0,0.0,0.0,0,0.0,0.0,0.0,0,7351,0,303,0.0,0.0,0.0,0.0,0.0,0.0,0.0,0.0,0,0,0,0,0,0.0,Has joined Paris Saint-Germain permanently,401,161,395,159,328,141,411,161,,,,,,,0.0,0.0,0.0,0.0,0.0,0.0,431,84,444,171,444,171,480,169,0.0,0.0
147,Tosin,Adarabioyo,Tosin Tosin,Spurs,DEF,2026-09-06 15:09:00.155543+00:00,0,0,4.4,0.2,0,0,0,0,0,0,0,0,0,0,0,0,0,0.0,0.0,0.0,0.0,0.0,0,0.0,0.0,0.0,978,5047,162,370,-0.1,0.1,-0.1,0.1,0.0,0.0,0.0,0.0,0,0,0,0,0,0.0,,398,160,390,158,318,135,408,160,,,,,,,0.0,0.0,0.0,0.0,0.0,0.0,568,152,441,170,441,170,352,130,0.0,0.0
410,Jeremy,Monga,Jeremy Monga,Man City,MID,2026-09-06 15:09:00.155543+00:00,0,0,4.9,0.0,0,0,0,0,0,0,0,0,0,0,0,0,0,0.0,0.0,0.0,0.0,0.0,0,0.0,0.0,0.0,219,875,0,140,-0.1,0.1,0.0,0.0,0.0,0.0,0.0,0.0,0,0,0,0,0,0.0,Has joined Swansea City on loan for the rest of the season,514,203,516,212,467,174,524,208,,,,,,,0.0,0.0,0.0,0.0,0.0,0.0,418,255,545,222,545,222,594,250,0.0,0.0
641,Melvin,Bard,Melvin Bard,Leeds,DEF,2026-09-06 15:09:00.155543+00:00,0,0,4.5,0.0,0,0,0,0,0,0,0,0,0,0,0,0,0,0.0,0.0,0.0,0.0,0.0,0,0.0,0.0,0.0,253,51,76,23,0.0,0.0,0.0,0.0,0.0,0.0,0.0,0.0,0,0,0,0,0,0.0,,430,174,427,174,366,161,440,174,,,,,,,0.0,0.0,0.0,0.0,0.0,0.0,488,122,468,180,468,180,636,211,0.0,0.0
408,Kalvin,Phillips,Kalvin Phillips,Man City,MID,2026-09-06 15:09:00.155543+00:00,0,0,5.0,0.0,0,0,0,0,0,0,0,0,0,0,0,0,0,0.0,0.0,0.0,0.0,0.0,0,0.0,0.0,0.0,0,478,0,17,0.0,0.0,0.0,0.0,0.0,0.0,0.0,0.0,0,0,0,0,0,0.0,Has joined Sheffield United on loan for the rest of the season,523,208,525,216,479,180,532,212,,,,,,,0.0,0.0,0.0,0.0,0.0,0.0,251,154,551,226,551,226,623,268,0.0,0.0
101,Jordan,Henderson,Jordan Henderson,Chelsea,MID,2026-09-06 15:09:00.155543+00:00,0,0,5.0,0.0,0,0,0,0,0,0,0,0,0,0,0,0,0,0.0,0.0,0.0,0.0,0.0,0,0.0,0.0,0.0,472,1584,49,127,0.0,0.0,0.0,0.0,0.0,0.0,0.0,0.0,0,0,0,0,0,0.0,Wrist injury - 75% chance of playing,515,204,517,213,469,176,525,209,,,,,,,0.0,0.0,0.0,0.0,0.0,0.0,238,149,546,223,546,223,532,219,0.0,0.0
270,Harrison,Reed,Harrison Reed,Fulham,MID,2026-09-06 15:09:00.155543+00:00,0,0,4.5,1.3,0,0,0,0,0,0,0,0,0,0,0,0,0,0.0,0.0,0.0,0.0,0.0,0,0.0,0.0,0.0,14747,36635,1090,3056,0.0,0.0,0.0,0.0,0.0,0.0,0.0,0.0,0,0,0,0,0,0.0,,409,160,404,169,338,126,419,165,,,,,,,0.0,0.0,0.0,0.0,0.0,0.0,443,259,451,182,451,182,164,52,0.0,0.0
624,Amario,Cozier-Duberry,Amario Cozier-Duberry,Brighton,MID,2026-09-06 15:09:00.155543+00:00,0,0,5.0,0.0,0,0,0,0,0,0,0,0,0,0,0,0,0,0.0,0.0,0.0,0.0,0.0,0,0.0,0.0,0.0,117,76,0,20,0.0,0.0,0.0,0.0,0.0,0.0,0.0,0.0,0,0,0,0,0,0.0,Has joined Middlesbrough on loan for the rest of the season,562,230,570,237,536,210,570,233,,,,,,,0.0,0.0,0.0,0.0,0.0,0.0,342,205,587,245,587,245,651,289,0.0,0.0
266,Tom,Cairney,Tom Cairney,Fulham,MID,2026-09-06 15:09:00.155543+00:00,0,0,5.0,0.0,0,0,0,0,0,0,0,0,0,0,0,0,0,0.0,0.0,0.0,0.0,0.0,0,0.0,0.0,0.0,39,206,3,9,0.0,0.0,0.0,0.0,0.0,0.0,0.0,0.0,0,0,0,0,0,0.0,Knee injury - Expected back 10 Oct,516,205,518,214,470,177,526,210,,,,,,,0.0,0.0,0.0,0.0,0.0,0.0,239,150,547,224,547,224,635,277,0.0,0.0
639,José María,Andrés Baixauli,José María Andrés,Brighton,MID,2026-09-06 15:09:00.155543+00:00,0,0,5.5,0.0,0,0,0,0,0,0,0,0,0,0,0,0,0,0.0,0.0,0.0,0.0,0.0,0,0.0,0.0,0.0,398,80,137,38,0.0,0.0,0.0,0.0,0.0,0.0,0.0,0.0,0,0,0,0,0,0.0,,618,270,622,271,611,263,622,270,,,,,,,0.0,0.0,0.0,0.0,0.0,0.0,191,118,627,273,627,273,626,270,0.0,0.0
652,Femi,Azeez,Femi Azeez,Brighton,MID,2026-09-06 15:09:00.155543+00:00,0,0,5.5,0.0,0,0,0,0,0,0,0,0,0,0,0,0,0,0.0,0.0,0.0,0.0,0.0,0,0.0,0.0,0.0,301,50,53,16,0.0,0.0,0.0,0.0,0.0,0.0,0.0,0.0,0,0,0,0,0,0.0,Unspecified injury - Expected back 13 Sep,612,264,616,265,604,257,617,265,,,,,,,0.0,0.0,0.0,0.0,0.0,0.0,166,100,624,270,624,270,638,279,0.0,0.0
256,Kenny,Tete,Kenny Tete,Fulham,DEF,2026-09-06 15:09:00.155543+00:00,0,0,4.5,0.2,0,0,0,0,0,0,0,0,0,0,0,0,0,0.0,0.0,0.0,0.0,0.0,0,0.0,0.0,0.0,799,5543,31,466,0.0,0.0,0.0,0.0,0.0,0.0,0.0,0.0,0,0,0,0,0,0.0,,411,163,406,162,340,144,421,163,,,,,,,0.0,0.0,0.0,0.0,0.0,0.0,447,91,452,172,452,172,328,121,0.0,0.0
252,Alfie,McNally,Alfie McNally,Fulham,GKP,2026-09-06 15:09:00.155543+00:00,0,0,4.0,0.1,0,0,0,0,0,0,0,0,0,0,0,0,0,0.0,0.0,0.0,0.0,0.0,0,0.0,0.0,0.0,2589,3671,0,462,0.0,0.0,0.0,0.0,0.0,0.0,0.0,0.0,0,0,0,0,0,0.0,Has joined York City on loan for the rest of the season,378,44,370,23,295,22,388,44,,,,,,,0.0,0.0,0.0,0.0,0.0,0.0,629,70,421,44,421,44,375,43,0.0,0.0
251,Benjamin,Lecomte,Benjamin Lecomte,Fulham,GKP,2026-09-06 15:09:00.155543+00:00,0,0,4.0,1.2,0,0,0,0,0,0,0,0,0,0,0,0,0,0.0,0.0,0.0,0.0,0.0,0,0.0,0.0,0.0,12841,13020,1899,1041,0.0,0.0,0.0,0.0,0.0,0.0,0.0,0.0,0,0,0,0,0,0.0,,347,29,337,8,259,7,356,29,,,,,,,0.0,0.0,0.0,0.0,0.0,0.0,583,55,391,29,391,29,174,27,0.0,0.0
136,Danny,Welbeck,Danny Welbeck,Chelsea,FWD,2026-09-06 15:09:00.155543+00:00,0,0,5.9,0.8,0,0,0,0,0,0,0,0,0,0,0,0,0,0.0,0.0,0.0,0.0,0.0,0,0.0,0.0,0.0,12893,49581,1884,2780,-0.1,0.1,0.0,0.0,0.0,0.0,0.0,0.0,0,0,0,0,0,0.0,,622,68,626,72,616,70,626,72,,,,,,,0.0,0.0,0.0,0.0,0.0,0.0,86,21,631,74,631,74,213,35,0.0,0.0
614,Jaouen,Hadjam,Jaouen Hadjam,Brighton,DEF,2026-09-06 15:09:00.155543+00:00,0,0,4.5,0.0,0,0,0,0,0,0,0,0,0,0,0,0,0,0.0,0.0,0.0,0.0,0.0,0,0.0,0.0,0.0,2922,673,121,134,0.0,0.0,0.0,0.0,0.0,0.0,0.0,0.0,0,0,0,0,0,0.0,,446,179,448,180,390,169,456,179,,,,,,,0.0,0.0,0.0,0.0,0.0,0.0,518,136,484,185,484,185,514,178,0.0,0.0
141,Filip,Jörgensen,Filip Jörgensen,Chelsea,GKP,2026-09-06 15:09:00.155543+00:00,0,0,5.0,0.0,0,0,0,0,0,0,0,0,0,0,0,0,0,0.0,0.0,0.0,0.0,0.0,0,0.0,0.0,0.0,0,806,0,35,0.0,0.0,0.0,0.0,0.0,0.0,0.0,0.0,0,0,0,0,0,0.0,Has joined RC Strasbourg on loan for the rest of the season,561,71,569,67,534,67,569,71,,,,,,,0.0,0.0,0.0,0.0,0.0,0.0,336,17,586,71,586,71,603,70,0.0,0.0
245,Tyler,Dibling,Tyler Dibling,Everton,MID,2026-09-06 15:09:00.155543+00:00,0,0,5.4,0.0,0,0,0,0,0,0,0,0,0,0,0,0,0,0.0,0.0,0.0,0.0,0.0,0,0.0,0.0,0.0,631,1693,74,74,-0.1,0.1,0.0,0.0,0.0,0.0,0.0,0.0,0,0,0,0,0,0.0,,594,252,599,256,577,239,601,254,,,,,,,0.0,0.0,0.0,0.0,0.0,0.0,224,139,613,262,613,262,535,220,0.0,0.0
143,Trevoh,Chalobah,Trevoh Chalobah,Chelsea,DEF,2026-09-06 15:09:00.155543+00:00,0,0,5.5,0.1,0,0,0,0,0,0,0,0,0,0,0,0,0,0.0,0.0,0.0,0.0,0.0,0,0.0,0.0,0.0,0,11987,0,400,0.0,0.0,0.0,0.0,0.0,0.0,0.0,0.0,0,0,0,0,0,0.0,Has joined Como permanently,605,212,608,212,590,210,610,212,,,,,,,0.0,0.0,0.0,0.0,0.0,0.0,132,14,619,212,619,212,437,156,0.0,0.0
145,Wesley,Fofana,Wesley Fofana,Chelsea,DEF,2026-09-06 15:09:00.155543+00:00,0,0,5.0,0.1,67,0,0,0,2,0,0,0,1,0,0,0,-2,19.4,0.9,0.0,2.0,0.0,0,0.0,0.0,0.0,4104,1712,712,223,0.0,0.0,0.0,0.0,0.01,0.0,0.01,1.26,1,0,9,0,9,12.09,,179,78,285,104,505,197,258,95,,,,,,,0.0,0.0,0.01,0.01,1.69,2.69,297,52,567,204,567,204,458,161,1.34,0.0
235,Adam,Aznou,Adam Aznou,Everton,DEF,2026-09-06 15:09:00.155543+00:00,0,0,4.0,0.1,0,0,0,0,0,0,0,0,0,0,0,0,0,0.0,0.0,0.0,0.0,0.0,0,0.0,0.0,0.0,1728,6772,0,903,0.0,0.0,0.0,0.0,0.0,0.0,0.0,0.0,0,0,0,0,0,0.0,Has joined Malaga on loan for the rest of the season,375,139,367,137,292,111,385,139,,,,,,,0.0,0.0,0.0,0.0,0.0,0.0,626,189,418,149,418,149,388,144,0.0,0.0
234,Nathan,Patterson,Nathan Patterson,Everton,DEF,2026-09-06 15:09:00.155543+00:00,0,0,4.5,0.0,0,0,0,0,0,0,0,0,0,0,0,0,0,0.0,0.0,0.0,0.0,0.0,0,0.0,0.0,0.0,371,1489,0,241,0.0,0.0,0.0,0.0,0.0,0.0,0.0,0.0,0,0,0,0,0,0.0,Has joined Torino permanently,426,171,423,171,360,156,436,171,,,,,,,0.0,0.0,0.0,0.0,0.0,0.0,480,115,464,177,464,177,556,190,0.0,0.0
146,Benoît,Badiashile Mukinayi,Benoît B.Badiashile,Chelsea,DEF,2026-09-06 15:09:00.155543+00:00,0,0,4.5,0.0,0,0,0,0,0,0,0,0,0,0,0,0,0,0.0,0.0,0.0,0.0,0.0,0,0.0,0.0,0.0,232,1607,0,88,0.0,0.0,0.0,0.0,0.0,0.0,0.0,0.0,0,0,0,0,0,0.0,Has joined Napoli on loan for the rest of the season,424,169,421,169,358,154,434,169,,,,,,,0.0,0.0,0.0,0.0,0.0,0.0,477,113,463,176,463,176,588,200,0.0,0.0
232,Jake,O'Brien,Jake O'Brien,Everton,DEF,2026-09-06 15:09:00.155543+00:00,0,0,4.9,0.3,0,0,0,0,0,0,0,0,0,0,0,0,0,0.0,0.0,0.0,0.0,0.0,0,0.0,0.0,0.0,2506,16940,174,771,-0.1,0.1,0.0,0.0,0.0,0.0,0.0,0.0,0,0,0,0,0,0.0,,509,196,510,196,458,188,519,196,,,,,,,0.0,0.0,0.0,0.0,0.0,0.0,408,76,541,199,541,199,284,106,0.0,0.0
272,Jonah,Kusi-Asare,Jonah Kusi-Asare,Fulham,FWD,2026-09-06 15:09:00.155543+00:00,0,0,4.5,6.5,0,0,0,0,0,0,0,0,0,0,0,0,0,0.0,0.0,0.0,0.0,0.0,0,0.0,0.0,0.0,93200,129519,8926,13297,0.0,0.0,0.0,0.0,0.0,0.0,0.0,0.0,0,0,0,0,0,0.0,,483,47,483,52,428,49,492,52,,,,,,,0.0,0.0,0.0,0.0,0.0,0.0,561,77,518,56,518,56,62,9,0.0,0.0
610,Luc,De Fougerolles,Luc De Fougerolles,Fulham,DEF,2026-09-06 15:09:00.155543+00:00,0,0,4.0,0.1,0,0,0,0,0,0,0,0,0,0,0,0,0,0.0,0.0,0.0,0.0,0.0,0,0.0,0.0,0.0,5417,2592,145,279,0.0,0.0,0.0,0.0,0.0,0.0,0.0,0.0,0,0,0,0,0,0.0,Unspecified injury - 75% chance of playing,383,146,375,144,300,118,393,146,,,,,,,0.0,0.0,0.0,0.0,0.0,0.0,635,197,426,156,426,156,435,154,0.0,0.0
296,David,Akintola,David Akintola,Hull City,MID,2026-09-06 15:09:00.155543+00:00,0,0,5.0,0.0,0,0,0,0,0,0,0,0,0,0,0,0,0,0.0,0.0,0.0,0.0,0.0,0,0.0,0.0,0.0,2359,2476,177,201,0.0,0.0,0.0,0.0,0.0,0.0,0.0,0.0,0,0,0,0,0,0.0,,530,213,533,220,490,187,538,216,,,,,,,0.0,0.0,0.0,0.0,0.0,0.0,271,169,557,230,557,230,505,206,0.0,0.0
283,Matty,Jacob,Matty Jacob,Hull City,DEF,2026-09-06 15:09:00.155543+00:00,0,0,4.0,0.0,0,0,0,0,0,0,0,0,0,0,0,0,0,0.0,0.0,0.0,0.0,0.0,0,0.0,0.0,0.0,114,472,0,34,0.0,0.0,0.0,0.0,0.0,0.0,0.0,0.0,0,0,0,0,0,0.0,Has joined Newport County on loan until January,367,134,359,132,283,105,377,134,,,,,,,0.0,0.0,0.0,0.0,0.0,0.0,614,180,411,145,411,145,601,202,0.0,0.0
294,Óscar,Zambrano,Óscar Zambrano,Hull City,MID,2026-09-06 15:09:00.155543+00:00,0,0,4.5,0.1,0,0,0,0,0,0,0,0,0,0,0,0,0,0.0,0.0,0.0,0.0,0.0,0,0.0,0.0,0.0,1222,4312,86,255,0.0,0.0,0.0,0.0,0.0,0.0,0.0,0.0,0,0,0,0,0,0.0,Thigh injury - Unknown return date,458,172,460,181,402,139,468,177,,,,,,,0.0,0.0,0.0,0.0,0.0,0.0,531,273,495,194,495,194,439,173,0.0,0.0
293,Abu,Kamara,Abu Kamara,Hull City,MID,2026-09-06 15:09:00.155543+00:00,0,0,5.0,0.0,0,0,0,0,0,0,0,0,0,0,0,0,0,0.0,0.0,0.0,0.0,0.0,0,0.0,0.0,0.0,0,306,0,13,0.0,0.0,0.0,0.0,0.0,0.0,0.0,0.0,0,0,0,0,0,0.0,Has joined Portsmouth permanently,553,226,560,233,523,204,561,229,,,,,,,0.0,0.0,0.0,0.0,0.0,0.0,321,191,578,241,578,241,641,281,0.0,0.0
292,Abdülkadir,Ömür,Abdülkadir Ömür,Hull City,MID,2026-09-06 15:09:00.155543+00:00,0,0,4.9,0.0,0,0,0,0,0,0,0,0,0,0,0,0,0,0.0,0.0,0.0,0.0,0.0,0,0.0,0.0,0.0,632,931,100,90,-0.1,0.1,0.0,0.0,0.0,0.0,0.0,0.0,0,0,0,0,0,0.0,,497,191,496,198,443,157,506,195,,,,,,,0.0,0.0,0.0,0.0,0.0,0.0,385,233,530,211,530,211,577,239,0.0,0.0
291,Eliot,Matazo,Eliot Matazo,Hull City,MID,2026-09-06 15:09:00.155543+00:00,0,0,4.5,0.0,0,0,0,0,0,0,0,0,0,0,0,0,0,0.0,0.0,0.0,0.0,0.0,0,0.0,0.0,0.0,190,255,23,23,0.0,0.0,0.0,0.0,0.0,0.0,0.0,0.0,0,0,0,0,0,0.0,Knee injury - Unknown return date,434,164,432,173,372,131,444,169,,,,,,,0.0,0.0,0.0,0.0,0.0,0.0,497,265,472,186,472,186,620,266,0.0,0.0
134,Nehemiah,Oriola,Nehemiah Oriola,Brighton,MID,2026-09-06 15:09:00.155543+00:00,0,0,4.5,0.3,0,0,0,0,0,0,0,0,0,0,0,0,0,0.0,0.0,0.0,0.0,0.0,0,0.0,0.0,0.0,5880,7098,560,559,0.0,0.0,0.0,0.0,0.0,0.0,0.0,0.0,0,0,0,0,0,0.0,,460,173,462,182,404,140,470,178,,,,,,,0.0,0.0,0.0,0.0,0.0,0.0,533,274,497,195,497,195,305,106,0.0,0.0
288,Kieran,Dowell,Kieran Dowell,Hull City,MID,2026-09-06 15:09:00.155543+00:00,0,0,4.5,0.4,0,0,0,0,0,0,0,0,0,0,0,0,0,0.0,0.0,0.0,0.0,0.0,0,0.0,0.0,0.0,8332,11100,849,910,0.0,0.0,0.0,0.0,0.0,0.0,0.0,0.0,0,0,0,0,0,0.0,,412,161,407,170,341,127,422,166,,,,,,,0.0,0.0,0.0,0.0,0.0,0.0,449,260,453,183,453,183,280,92,0.0,0.0
2,Kepa,Arrizabalaga Revuelta,Kepa Arrizabalaga,Arsenal,GKP,2026-09-06 15:09:00.155543+00:00,0,0,4.9,0.1,0,0,0,0,0,0,0,0,0,0,0,0,0,0.0,0.0,0.0,0.0,0.0,0,0.0,0.0,0.0,1029,2788,108,185,-0.1,0.1,-0.1,0.1,0.0,0.0,0.0,0.0,0,0,0,0,0,0.0,,492,65,493,52,438,51,501,65,,,,,,,0.0,0.0,0.0,0.0,0.0,0.0,380,18,527,65,527,65,461,52,0.0,0.0
284,Cathal,McCarthy,Cathal McCarthy,Hull City,DEF,2026-09-06 15:09:00.155543+00:00,0,0,4.0,0.1,0,0,0,0,0,0,0,0,0,0,0,0,0,0.0,0.0,0.0,0.0,0.0,0,0.0,0.0,0.0,2391,2361,209,190,0.0,0.0,0.0,0.0,0.0,0.0,0.0,0.0,0,0,0,0,0,0.0,,397,159,389,157,317,134,407,159,,,,,,,0.0,0.0,0.0,0.0,0.0,0.0,653,214,440,169,440,169,436,155,0.0,0.0
137,Stefanos,Tzimas,Stefanos Tzimas,Brighton,FWD,2026-09-06 15:09:00.155543+00:00,0,0,5.5,0.0,0,0,0,0,0,0,0,0,0,0,0,0,0,0.0,0.0,0.0,0.0,0.0,0,0.0,0.0,0.0,181,499,17,37,0.0,0.0,0.0,0.0,0.0,0.0,0.0,0.0,0,0,0,0,0,0.0,Knee injury - Unknown return date,619,66,623,70,612,68,623,70,,,,,,,0.0,0.0,0.0,0.0,0.0,0.0,192,44,628,72,628,72,615,77,0.0,0.0
626,Macauley,Zepa,Macauley Zepa,Fulham,MID,2026-09-06 15:09:00.155543+00:00,0,0,4.5,0.3,0,0,0,0,0,0,0,0,0,0,0,0,0,0.0,0.0,0.0,0.0,0.0,0,0.0,0.0,0.0,26819,6352,4809,1521,0.0,0.0,0.0,0.0,0.0,0.0,0.0,0.0,0,0,0,0,0,0.0,,479,181,480,190,424,148,489,186,,,,,,,0.0,0.0,0.0,0.0,0.0,0.0,556,284,515,203,515,203,287,96,0.0,0.0
139,Evan,Ferguson,Evan Ferguson,Brighton,FWD,2026-09-06 15:09:00.155543+00:00,0,0,5.0,0.0,0,0,0,0,0,0,0,0,0,0,0,0,0,0.0,0.0,0.0,0.0,0.0,0,0.0,0.0,0.0,973,1488,110,147,0.0,0.0,0.0,0.0,0.0,0.0,0.0,0.0,0,0,0,0,0,0.0,Ankle injury - Expected back 10 Oct,550,52,557,57,520,54,558,57,,,,,,,0.0,0.0,0.0,0.0,0.0,0.0,318,57,576,61,576,61,534,71,0.0,0.0
278,Charlie,Hughes,Charlie Hughes,Hull City,DEF,2026-09-06 15:09:00.155543+00:00,0,0,4.0,0.1,0,0,0,0,0,0,0,0,0,0,0,0,0,0.0,0.0,0.0,0.0,0.0,0,0.0,0.0,0.0,262,4371,25,231,0.0,0.0,0.0,0.0,0.0,0.0,0.0,0.0,0,0,0,0,0,0.0,Groin injury - Unknown return date,377,141,369,139,294,113,387,141,,,,,,,0.0,0.0,0.0,0.0,0.0,0.0,628,191,420,151,420,151,444,158,0.0,0.0
276,Thimothée,Lo-Tutala,Thimothée Lo-Tutala,Hull City,GKP,2026-09-06 15:09:00.155543+00:00,0,0,4.0,0.0,0,0,0,0,0,0,0,0,0,0,0,0,0,0.0,0.0,0.0,0.0,0.0,0,0.0,0.0,0.0,0,708,0,53,0.0,0.0,0.0,0.0,0.0,0.0,0.0,0.0,0,0,0,0,0,0.0,Has joined Colchester United on loan for the rest of the season,366,40,358,19,282,18,376,40,,,,,,,0.0,0.0,0.0,0.0,0.0,0.0,613,66,410,40,410,40,547,63,0.0,0.0
275,Harvey,Cartwright,Harvey Cartwright,Hull City,GKP,2026-09-06 15:09:00.155543+00:00,0,0,4.0,0.0,0,0,0,0,0,0,0,0,0,0,0,0,0,0.0,0.0,0.0,0.0,0.0,0,0.0,0.0,0.0,0,215,0,21,0.0,0.0,0.0,0.0,0.0,0.0,0.0,0.0,0,0,0,0,0,0.0,Has joined Grimsby Town on loan for the rest of the season,373,43,365,22,290,21,383,43,,,,,,,0.0,0.0,0.0,0.0,0.0,0.0,624,69,417,43,417,43,614,71,0.0,0.0
274,Jack,Butland,Jack Butland,Hull City,GKP,2026-09-06 15:09:00.155543+00:00,0,0,4.5,0.1,0,0,0,0,0,0,0,0,0,0,0,0,0,0.0,0.0,0.0,0.0,0.0,0,0.0,0.0,0.0,331,3434,41,229,0.0,0.0,0.0,0.0,0.0,0.0,0.0,0.0,0,0,0,0,0,0.0,Arm injury - Unknown return date,402,48,396,29,330,28,412,48,,,,,,,0.0,0.0,0.0,0.0,0.0,0.0,433,27,445,48,445,48,457,51,0.0,0.0
273,Dillon,Phillips,Dillon Phillips,Hull City,GKP,2026-09-06 15:09:00.155543+00:00,0,0,4.0,1.5,0,0,0,0,0,0,0,0,0,0,0,0,0,0.0,0.0,0.0,0.0,0.0,0,0.0,0.0,0.0,14238,19886,1805,1552,0.0,0.0,0.0,0.0,0.0,0.0,0.0,0.0,0,0,0,0,0,0.0,,354,34,345,13,267,12,363,34,,,,,,,0.0,0.0,0.0,0.0,0.0,0.0,593,60,398,34,398,34,150,21,0.0,0.0
650,David,Affengruber,David Affengruber,Fulham,DEF,2026-09-06 15:09:00.155543+00:00,0,0,4.5,0.0,0,0,0,0,0,0,0,0,0,0,0,0,0,0.0,0.0,0.0,0.0,0.0,0,0.0,0.0,0.0,281,50,77,23,0.0,0.0,0.0,0.0,0.0,0.0,0.0,0.0,0,0,0,0,0,0.0,,432,176,429,176,368,163,442,176,,,,,,,0.0,0.0,0.0,0.0,0.0,0.0,491,125,470,182,470,182,633,210,0.0,0.0
636,Manuel Ángel,Morán Ibáñez,Manuel Ángel Ángel,Fulham,MID,2026-09-06 15:09:00.155543+00:00,0,0,5.0,0.0,0,0,0,0,0,0,0,0,0,0,0,0,0,0.0,0.0,0.0,0.0,0.0,0,0.0,0.0,0.0,156,27,36,13,0.0,0.0,0.0,0.0,0.0,0.0,0.0,0.0,0,0,0,0,0,0.0,,559,229,567,236,532,208,567,232,,,,,,,0.0,0.0,0.0,0.0,0.0,0.0,332,197,584,244,584,244,645,284,0.0,0.0
231,Michael,Keane,Michael Keane,Everton,DEF,2026-09-06 15:09:00.155543+00:00,0,0,4.9,1.0,0,0,0,0,0,0,0,0,0,0,0,0,0,0.0,0.0,0.0,0.0,0.0,0,0.0,0.0,0.0,5889,60728,335,2839,-0.1,0.1,0.0,0.0,0.0,0.0,0.0,0.0,0,0,0,0,0,0.0,,491,192,492,193,437,184,500,192,,,,,,,0.0,0.0,0.0,0.0,0.0,0.0,379,68,526,197,526,197,193,73,0.0,0.0
228,Tom,King,Tom King,Everton,GKP,2026-09-06 15:09:00.155543+00:00,0,0,4.5,0.0,0,0,0,0,0,0,0,0,0,0,0,0,0,0.0,0.0,0.0,0.0,0.0,0,0.0,0.0,0.0,614,971,68,78,0.0,0.0,0.0,0.0,0.0,0.0,0.0,0.0,0,0,0,0,0,0.0,,408,53,402,34,336,33,418,53,,,,,,,0.0,0.0,0.0,0.0,0.0,0.0,441,32,450,53,450,53,504,56,0.0,0.0
227,Mark,Travers,Mark Travers,Everton,GKP,2026-09-06 15:09:00.155543+00:00,0,0,5.0,0.0,0,0,0,0,0,0,0,0,0,0,0,0,0,0.0,0.0,0.0,0.0,0.0,0,0.0,0.0,0.0,638,1030,66,69,0.0,0.0,0.0,0.0,0.0,0.0,0.0,0.0,0,0,0,0,0,0.0,,535,70,538,61,496,61,543,70,,,,,,,0.0,0.0,0.0,0.0,0.0,0.0,284,11,561,70,561,70,524,58,0.0,0.0
181,Miguel,Brau,Miguel Brau,Coventry City,DEF,2026-09-06 15:09:00.155543+00:00,0,0,4.0,0.0,0,0,0,0,0,0,0,0,0,0,0,0,0,0.0,0.0,0.0,0.0,0.0,0,0.0,0.0,0.0,275,1408,0,95,0.0,0.0,0.0,0.0,0.0,0.0,0.0,0.0,0,0,0,0,0,0.0,Has joined Academico de Viseu on loan for the rest of the season,388,151,380,149,307,125,398,151,,,,,,,0.0,0.0,0.0,0.0,0.0,0.0,642,204,431,161,431,161,540,187,0.0,0.0
196,Jahnoah,Markelo,Jahnoah Markelo,Coventry City,FWD,2026-09-06 15:09:00.155543+00:00,0,0,5.0,0.0,0,0,0,0,0,0,0,0,0,0,0,0,0,0.0,0.0,0.0,0.0,0.0,0,0.0,0.0,0.0,0,924,0,38,0.0,0.0,0.0,0.0,0.0,0.0,0.0,0.0,0,0,0,0,0,0.0,Has joined Shabab Al-Ahli Dubai permanently,570,55,578,60,545,57,578,60,,,,,,,0.0,0.0,0.0,0.0,0.0,0.0,355,61,594,64,594,64,605,76,0.0,0.0
193,Haji,Wright,Haji Wright,Coventry City,FWD,2026-09-06 15:09:00.155543+00:00,0,0,5.4,0.1,0,0,0,0,0,0,0,0,0,0,0,0,0,0.0,0.0,0.0,0.0,0.0,0,0.0,0.0,0.0,398,9259,45,486,-0.1,0.1,0.0,0.0,0.0,0.0,0.0,0.0,0,0,0,0,0,0.0,Thigh injury - Unknown return date,581,60,588,65,561,62,589,65,,,,,1.0,,0.0,0.0,0.0,0.0,0.0,0.0,198,47,604,69,604,69,427,61,0.0,0.0
192,Kai,Andrews,Kai Andrews,Coventry City,MID,2026-09-06 15:09:00.155543+00:00,0,0,4.5,0.4,0,0,0,0,0,0,0,0,0,0,0,0,0,0.0,0.0,0.0,0.0,0.0,0,0.0,0.0,0.0,2718,26840,0,1881,0.0,0.0,0.0,0.0,0.0,0.0,0.0,0.0,0,0,0,0,0,0.0,Has joined Oxford United on loan for the rest of the season,482,183,482,191,427,149,491,187,,,,,,,0.0,0.0,0.0,0.0,0.0,0.0,560,286,517,204,517,204,266,89,0.0,0.0
191,Raphael,Borges Rodrigues,Raphael Borges Rodrigues,Coventry City,MID,2026-09-06 15:09:00.155543+00:00,0,0,4.5,0.1,0,0,0,0,0,0,0,0,0,0,0,0,0,0.0,0.0,0.0,0.0,0.0,0,0.0,0.0,0.0,1943,6512,0,951,0.0,0.0,0.0,0.0,0.0,0.0,0.0,0.0,0,0,0,0,0,0.0,Has joined Burton Albion on loan for the rest of the season,439,168,441,177,383,135,449,173,,,,,,,0.0,0.0,0.0,0.0,0.0,0.0,511,269,477,190,477,190,396,149,0.0,0.0
189,George,Shepherd,George Shepherd,Coventry City,MID,2026-09-06 15:09:00.155543+00:00,0,0,4.5,0.3,0,0,0,0,0,0,0,0,0,0,0,0,0,0.0,0.0,0.0,0.0,0.0,0,0.0,0.0,0.0,3050,7455,340,545,0.0,0.0,0.0,0.0,0.0,0.0,0.0,0.0,0,0,0,0,0,0.0,,488,186,488,194,433,152,497,190,,,,,,,0.0,0.0,0.0,0.0,0.0,0.0,566,289,523,207,523,207,310,109,0.0,0.0
187,Josh,Eccles,Josh Eccles,Coventry City,MID,2026-09-06 15:09:00.155543+00:00,0,0,4.9,0.0,0,0,0,0,0,0,0,0,0,0,0,0,0,0.0,0.0,0.0,0.0,0.0,0,0.0,0.0,0.0,526,746,23,43,-0.1,0.1,0.0,0.0,0.0,0.0,0.0,0.0,0,0,0,0,0,0.0,,503,196,504,204,452,164,513,201,,,,,,,0.0,0.0,0.0,0.0,0.0,0.0,397,242,536,216,536,216,581,241,0.0,0.0
168,Marc,Guiu Paz,Marc Marc Guiu,Chelsea,FWD,2026-09-06 15:09:00.155543+00:00,0,0,5.0,0.3,0,0,0,0,0,0,0,0,0,0,0,0,0,0.0,0.0,0.0,0.0,0.0,0,0.0,0.0,0.0,4102,21753,0,2820,0.0,0.0,0.0,0.0,0.0,0.0,0.0,0.0,0,0,0,0,0,0.0,Has joined RB Leipzig permanently,558,53,566,58,531,55,566,58,,,,,,,0.0,0.0,0.0,0.0,0.0,0.0,330,58,583,62,583,62,296,49,0.0,0.0
169,Shumaira,Mheuka,Shumaira Mheuka,Chelsea,FWD,2026-09-06 15:09:00.155543+00:00,0,0,4.5,0.4,0,0,0,0,0,0,0,0,0,0,0,0,0,0.0,0.0,0.0,0.0,0.0,0,0.0,0.0,0.0,13524,11306,2156,1139,0.0,0.0,0.0,0.0,0.0,0.0,0.0,0.0,0,0,0,0,0,0.0,,463,43,464,48,407,45,473,48,,,,,,,0.0,0.0,0.0,0.0,0.0,0.0,536,73,499,52,499,52,271,47,0.0,0.0
180,Luke,Woolfenden,Luke Woolfenden,Coventry City,DEF,2026-09-06 15:09:00.155543+00:00,0,0,4.0,0.1,0,0,0,0,0,0,0,0,0,0,0,0,0,0.0,0.0,0.0,0.0,0.0,0,0.0,0.0,0.0,1695,5878,90,469,0.0,0.0,0.0,0.0,0.0,0.0,0.0,0.0,0,0,0,0,0,0.0,Knee injury - Unknown return date,360,131,352,129,276,102,370,131,,,,,,,0.0,0.0,0.0,0.0,0.0,0.0,605,175,404,142,404,142,386,143,0.0,0.0
150,Mamadou,Sarr,Mamadou M.Sarr,Chelsea,DEF,2026-09-06 15:09:00.155543+00:00,0,0,4.5,0.0,0,0,0,0,0,0,0,0,0,0,0,0,0,0.0,0.0,0.0,0.0,0.0,0,0.0,0.0,0.0,429,4594,0,296,0.0,0.0,0.0,0.0,0.0,0.0,0.0,0.0,0,0,0,0,0,0.0,Has joined Real Sociedad on loan for the rest of the season,466,185,467,186,410,175,476,185,,,,,,,0.0,0.0,0.0,0.0,0.0,0.0,539,143,502,190,502,190,512,177,0.0,0.0
179,Joel,Latibeaudiere,Joel Latibeaudiere,Coventry City,DEF,2026-09-06 15:09:00.155543+00:00,0,0,4.0,0.0,0,0,0,0,0,0,0,0,0,0,0,0,0,0.0,0.0,0.0,0.0,0.0,0,0.0,0.0,0.0,538,965,59,65,0.0,0.0,0.0,0.0,0.0,0.0,0.0,0.0,0,0,0,0,0,0.0,,357,129,349,127,273,100,367,129,,,,,,,0.0,0.0,0.0,0.0,0.0,0.0,600,171,401,140,401,140,519,179,0.0,0.0
178,Jake,Bidwell,Jake Bidwell,Coventry City,DEF,2026-09-06 15:09:00.155543+00:00,0,0,4.0,0.1,0,0,0,0,0,0,0,0,0,0,0,0,0,0.0,0.0,0.0,0.0,0.0,0,0.0,0.0,0.0,1329,1878,160,156,0.0,0.0,0.0,0.0,0.0,0.0,0.0,0.0,0,0,0,0,0,0.0,,346,125,336,121,258,92,355,124,,,,,,,0.0,0.0,0.0,0.0,0.0,0.0,582,160,390,136,390,136,454,160,0.0,0.0
177,Kaine,Kesler-Hayden,Kaine Kesler-Hayden,Coventry City,DEF,2026-09-06 15:09:00.155543+00:00,0,0,4.0,0.0,0,0,0,0,0,0,0,0,0,0,0,0,0,0.0,0.0,0.0,0.0,0.0,0,0.0,0.0,0.0,327,2164,28,152,0.0,0.0,0.0,0.0,0.0,0.0,0.0,0.0,0,0,0,0,0,0.0,Hamstring injury - Unknown return date,369,135,361,133,286,107,379,135,,,,,,,0.0,0.0,0.0,0.0,0.0,0.0,620,185,413,146,413,146,502,175,0.0,0.0
170,Emmanuel,Emegha,Emmanuel Emegha,Chelsea,FWD,2026-09-06 15:09:00.155543+00:00,0,0,5.0,0.2,0,0,0,0,0,0,0,0,0,0,0,0,0,0.0,0.0,0.0,0.0,0.0,0,0.0,0.0,0.0,5005,6163,846,581,0.0,0.0,0.0,0.0,0.0,0.0,0.0,0.0,0,0,0,0,0,0.0,,560,54,568,59,533,56,568,59,,,,,,,0.0,0.0,0.0,0.0,0.0,0.0,335,59,585,63,585,63,359,55,0.0,0.0
174,Liam,Kitching,Liam Kitching,Coventry City,DEF,2026-09-06 15:09:00.155543+00:00,0,0,4.0,0.5,0,0,0,0,0,0,0,0,0,0,0,0,0,0.0,0.0,0.0,0.0,0.0,0,0.0,0.0,0.0,981,18005,0,2782,0.0,0.0,0.0,0.0,0.0,0.0,0.0,0.0,0,0,0,0,0,0.0,Has joined Sheffield United on loan for the rest of the season,364,133,356,131,280,104,374,133,,,,,,,0.0,0.0,0.0,0.0,0.0,0.0,611,179,408,144,408,144,254,96,0.0,0.0
560,Mike,Penders,Mike Penders,Chelsea,GKP,2026-09-06 15:09:00.155543+00:00,0,0,4.5,0.1,0,0,0,0,0,0,0,0,0,0,0,0,0,0.0,0.0,0.0,0.0,0.0,0,0.0,0.0,0.0,818,2052,60,155,0.0,0.0,0.0,0.0,0.0,0.0,0.0,0.0,0,0,0,0,0,0.0,,456,63,458,49,400,48,466,63,,,,,,,0.0,0.0,0.0,0.0,0.0,0.0,528,47,493,63,493,63,477,54,0.0,0.0
172,Ben,Wilson,Ben Wilson,Coventry City,GKP,2026-09-06 15:09:00.155543+00:00,0,0,4.5,0.4,0,0,0,0,0,0,0,0,0,0,0,0,0,0.0,0.0,0.0,0.0,0.0,0,0.0,0.0,0.0,558,8087,66,440,0.0,0.0,0.0,0.0,0.0,0.0,0.0,0.0,0,0,0,0,0,0.0,,405,50,399,31,333,30,415,50,,,,,,,0.0,0.0,0.0,0.0,0.0,0.0,437,29,447,50,447,50,274,36,0.0,0.0
171,Oliver,Dovin,Oliver Dovin,Coventry City,GKP,2026-09-06 15:09:00.155543+00:00,0,0,4.0,1.3,0,0,0,0,0,0,0,0,0,0,0,0,0,0.0,0.0,0.0,0.0,0.0,0,0.0,0.0,0.0,8924,29419,0,4713,0.0,0.0,0.0,0.0,0.0,0.0,0.0,0.0,0,0,0,0,0,0.0,Has joined Leyton Orient on loan for the rest of the season,371,42,363,21,288,20,381,42,,,,,,,0.0,0.0,0.0,0.0,0.0,0.0,622,68,415,42,415,42,158,23,0.0,0.0
197,Norman,Bassette,Norman Bassette,Coventry City,FWD,2026-09-06 15:09:00.155543+00:00,0,0,4.5,0.0,0,0,0,0,0,0,0,0,0,0,0,0,0,0.0,0.0,0.0,0.0,0.0,0,0.0,0.0,0.0,0,1454,0,118,0.0,0.0,0.0,0.0,0.0,0.0,0.0,0.0,0,0,0,0,0,0.0,Has joined KVC Westerlo on loan for the rest of the season,455,40,457,46,399,42,465,45,,,,,,,0.0,0.0,0.0,0.0,0.0,0.0,527,70,492,50,492,50,537,72,0.0,0.0
599,Sidiki,Cherif,Sidiki Cherif,Coventry City,FWD,2026-09-06 15:09:00.155543+00:00,0,0,5.0,0.1,0,0,0,0,0,0,0,0,0,0,0,0,0,0.0,0.0,0.0,0.0,0.0,0,0.0,0.0,0.0,4244,4093,293,338,0.0,0.0,0.0,0.0,0.0,0.0,0.0,0.0,0,0,0,0,0,0.0,,576,57,583,62,554,59,584,62,,,,,,,0.0,0.0,0.0,0.0,0.0,0.0,371,63,599,66,599,66,426,60,0.0,0.0
623,Dan,Bentley,Dan Bentley,Coventry City,GKP,2026-09-06 15:09:00.155543+00:00,0,0,4.0,0.3,0,0,0,0,0,0,0,0,0,0,0,0,0,0.0,0.0,0.0,0.0,0.0,0,0.0,0.0,0.0,25005,3435,4925,608,0.0,0.0,0.0,0.0,0.0,0.0,0.0,0.0,0,0,0,0,0,0.0,,345,28,335,7,257,6,354,28,,,,,,,0.0,0.0,0.0,0.0,0.0,0.0,581,54,389,28,389,28,307,38,0.0,0.0
199,Walter,Benítez,Walter Benitez,Crystal Palace,GKP,2026-09-06 15:09:00.155543+00:00,0,0,4.5,0.1,0,0,0,0,0,0,0,0,0,0,0,0,0,0.0,0.0,0.0,0.0,0.0,0,0.0,0.0,0.0,1241,2877,125,207,0.0,0.0,0.0,0.0,0.0,0.0,0.0,0.0,0,0,0,0,0,0.0,,406,51,400,32,334,31,416,51,,,,,,,0.0,0.0,0.0,0.0,0.0,0.0,438,30,448,51,448,51,416,47,0.0,0.0
21,Christian,Nørgaard,Christian Nørgaard,Everton,MID,2026-09-06 15:09:00.155543+00:00,0,0,4.9,0.1,0,0,0,0,0,0,0,0,0,0,0,0,0,0.0,0.0,0.0,0.0,0.0,0,0.0,0.0,0.0,339,5310,28,273,-0.1,0.1,0.0,0.0,0.0,0.0,0.0,0.0,0,0,0,0,0,0.0,Groin injury - Unknown return date,493,188,494,196,439,154,502,192,,,,,,,0.0,0.0,0.0,0.0,0.0,0.0,381,230,528,209,528,209,483,192,0.0,0.0
633,Honest,Ahanor,Honest Ahanor,Crystal Palace,DEF,2026-09-06 15:09:00.155543+00:00,0,0,4.5,0.0,0,0,0,0,0,0,0,0,0,0,0,0,0,0.0,0.0,0.0,0.0,0.0,0,0.0,0.0,0.0,295,51,78,19,0.0,0.0,0.0,0.0,0.0,0.0,0.0,0.0,0,0,0,0,0,0.0,,476,187,477,188,421,178,486,187,,,,,,,0.0,0.0,0.0,0.0,0.0,0.0,552,147,512,192,512,192,632,209,0.0,0.0
152,Marco,Palestra,Marco Palestra,Chelsea,DEF,2026-09-06 15:09:00.155543+00:00,0,0,5.4,1.2,0,0,0,0,0,0,0,0,0,0,0,0,0,0.0,0.0,0.0,0.0,0.0,0,0.0,0.0,0.0,6008,156430,227,6490,-0.1,0.1,0.0,0.0,0.0,0.0,0.0,0.0,0,0,0,0,0,0.0,Unspecified injury - 75% chance of playing,602,211,604,211,584,209,608,211,,,,,,,0.0,0.0,0.0,0.0,0.0,0.0,235,33,617,211,617,211,167,68,0.0,0.0
555,Remi,Matthews,Remi Matthews,Crystal Palace,GKP,2026-09-06 15:09:00.155543+00:00,0,0,4.0,1.8,0,0,0,0,0,0,0,0,0,0,0,0,0,0.0,0.0,0.0,0.0,0.0,0,0.0,0.0,0.0,14574,16264,1063,1366,0.0,0.0,0.0,0.0,0.0,0.0,0.0,0.0,0,0,0,0,0,0.0,,355,35,347,14,269,13,365,35,,,,,,,0.0,0.0,0.0,0.0,0.0,0.0,595,61,399,35,399,35,137,20,0.0,0.0
225,Christantus,Uche,Christantus Uche,Crystal Palace,FWD,2026-09-06 15:09:00.155543+00:00,0,0,5.0,0.0,0,0,0,0,0,0,0,0,0,0,0,0,0,0.0,0.0,0.0,0.0,0.0,0,0.0,0.0,0.0,0,0,0,0,0.0,0.0,0.0,0.0,0.0,0.0,0.0,0.0,0,0,0,0,0,0.0,has returned to Getafe CF,579,59,586,64,557,61,587,64,,,,,,,0.0,0.0,0.0,0.0,0.0,0.0,375,65,602,68,602,68,653,78,0.0,0.0
221,Joél,Drakes-Thomas,Joél Drakes-Thomas,Crystal Palace,MID,2026-09-06 15:09:00.155543+00:00,0,0,4.5,0.1,0,0,0,0,0,0,0,0,0,0,0,0,0,0.0,0.0,0.0,0.0,0.0,0,0.0,0.0,0.0,1577,2359,239,180,0.0,0.0,0.0,0.0,0.0,0.0,0.0,0.0,0,0,0,0,0,0.0,,487,185,487,193,432,151,496,189,,,,,,,0.0,0.0,0.0,0.0,0.0,0.0,565,288,522,206,522,206,455,181,0.0,0.0
220,Rio,Cardines,Rio Cardines,Crystal Palace,DEF,2026-09-06 15:09:00.155543+00:00,0,0,4.5,0.0,0,0,0,0,0,0,0,0,0,0,0,0,0,0.0,0.0,0.0,0.0,0.0,0,0.0,0.0,0.0,0,108,0,4,0.0,0.0,0.0,0.0,0.0,0.0,0.0,0.0,0,0,0,0,0,0.0,Has joined Bristol City on loan for the rest of the season,468,186,469,187,413,177,478,186,,,,,,,0.0,0.0,0.0,0.0,0.0,0.0,544,146,504,191,504,191,647,214,0.0,0.0
219,Jesurun,Rak-Sakyi,Jesurun J.Rak-Sakyi,Crystal Palace,MID,2026-09-06 15:09:00.155543+00:00,0,0,5.0,0.0,0,0,0,0,0,0,0,0,0,0,0,0,0,0.0,0.0,0.0,0.0,0.0,0,0.0,0.0,0.0,104,217,14,16,0.0,0.0,0.0,0.0,0.0,0.0,0.0,0.0,0,0,0,0,0,0.0,,543,220,548,227,509,197,551,223,,,,,,,0.0,0.0,0.0,0.0,0.0,0.0,301,181,569,236,569,236,625,269,0.0,0.0
218,Cheick,Doucouré,Cheick Doucouré,Crystal Palace,MID,2026-09-06 15:09:00.155543+00:00,0,0,4.9,0.1,0,0,0,0,0,0,0,0,0,0,0,0,0,0.0,0.0,0.0,0.0,0.0,0,0.0,0.0,0.0,1369,2569,137,190,-0.1,0.1,0.0,0.0,0.0,0.0,0.0,0.0,0,0,0,0,0,0.0,,502,195,503,203,451,163,512,200,,,,,,,0.0,0.0,0.0,0.0,0.0,0.0,396,241,535,215,535,215,485,193,0.0,0.0
217,Matheus,França de Oliveira,Matheus M.França,Crystal Palace,MID,2026-09-06 15:09:00.155543+00:00,0,0,4.9,0.0,0,0,0,0,0,0,0,0,0,0,0,0,0,0.0,0.0,0.0,0.0,0.0,0,0.0,0.0,0.0,968,1970,18,150,-0.1,0.1,0.0,0.0,0.0,0.0,0.0,0.0,0,0,0,0,0,0.0,,511,200,512,208,460,168,521,205,,,,,,,0.0,0.0,0.0,0.0,0.0,0.0,411,249,543,220,543,220,554,228,0.0,0.0
216,Romain,Esse,Romain Esse,Crystal Palace,MID,2026-09-06 15:09:00.155543+00:00,0,0,5.0,0.0,0,0,0,0,0,0,0,0,0,0,0,0,0,0.0,0.0,0.0,0.0,0.0,0,0.0,0.0,0.0,399,2084,0,341,0.0,0.0,0.0,0.0,0.0,0.0,0.0,0.0,0,0,0,0,0,0.0,Has joined Millwall on loan for the rest of the season,573,240,580,246,550,223,581,243,,,,,,,0.0,0.0,0.0,0.0,0.0,0.0,363,221,596,253,596,253,546,223,0.0,0.0
215,Justin,Devenny,Justin Devenny,Crystal Palace,MID,2026-09-06 15:09:00.155543+00:00,0,0,5.0,0.0,0,0,0,0,0,0,0,0,0,0,0,0,0,0.0,0.0,0.0,0.0,0.0,0,0.0,0.0,0.0,132,612,0,98,0.0,0.0,0.0,0.0,0.0,0.0,0.0,0.0,0,0,0,0,0,0.0,Has joined Stoke City permanently,551,224,558,231,521,202,559,227,,,2.0,,3.0,,0.0,0.0,0.0,0.0,0.0,0.0,319,189,577,240,577,240,610,260,0.0,0.0
158,Jamie,Bynoe-Gittens,Jamie Gittens,Chelsea,MID,2026-09-06 15:09:00.155543+00:00,0,0,5.9,0.0,0,0,0,0,0,0,0,0,0,0,0,0,0,0.0,0.0,0.0,0.0,0.0,0,0.0,0.0,0.0,599,1863,68,115,-0.1,0.1,0.0,0.0,0.0,0.0,0.0,0.0,0,0,0,0,0,0.0,,629,274,629,274,623,269,630,274,,,,,,,0.0,0.0,0.0,0.0,0.0,0.0,102,66,634,276,634,276,541,221,0.0,0.0
213,Jefferson,Lerma Solís,Jefferson Lerma,Crystal Palace,MID,2026-09-06 15:09:00.155543+00:00,0,0,4.9,0.1,0,0,0,0,0,0,0,0,0,0,0,0,0,0.0,0.0,0.0,0.0,0.0,0,0.0,0.0,0.0,780,3423,80,231,-0.1,0.1,0.0,0.0,0.0,0.0,0.0,0.0,0,0,0,0,0,0.0,,494,189,495,197,440,155,503,193,,,,,,,0.0,0.0,0.0,0.0,0.0,0.0,382,231,529,210,529,210,438,172,0.0,0.0
163,Dário,Luís Essugo,Dário D.Essugo,Chelsea,MID,2026-09-06 15:09:00.155543+00:00,0,0,4.5,0.1,0,0,0,0,0,0,0,0,0,0,0,0,0,0.0,0.0,0.0,0.0,0.0,0,0.0,0.0,0.0,2698,8821,0,1341,0.0,0.0,0.0,0.0,0.0,0.0,0.0,0.0,0,0,0,0,0,0.0,Has joined RC Strasbourg on loan for the rest of the season,437,166,439,175,381,133,447,171,,,,,,,0.0,0.0,0.0,0.0,0.0,0.0,509,267,475,188,475,188,372,138,0.0,0.0
208,Ismaïla,Sarr,Ismaïla Sarr,Crystal Palace,MID,2026-09-06 15:09:00.155543+00:00,0,0,6.3,1.0,0,0,0,0,0,0,0,0,0,0,0,0,0,0.0,0.0,0.0,0.0,0.0,0,0.0,0.0,0.0,2484,333450,52,8443,-0.2,0.2,0.0,0.0,0.0,0.0,0.0,0.0,0,0,0,0,0,0.0,Groin injury - Unknown return date,642,283,642,283,638,279,642,283,,,,,2.0,,0.0,0.0,0.0,0.0,0.0,0.0,54,38,643,284,643,284,192,60,0.0,0.0
205,Borna,Sosa,Borna Sosa,Crystal Palace,DEF,2026-09-06 15:09:00.155543+00:00,0,0,4.5,0.0,0,0,0,0,0,0,0,0,0,0,0,0,0,0.0,0.0,0.0,0.0,0.0,0,0.0,0.0,0.0,236,1297,0,241,0.0,0.0,0.0,0.0,0.0,0.0,0.0,0.0,0,0,0,0,0,0.0,Has joined FC Cologne on loan for the rest of the season,418,166,413,165,349,149,428,166,,,,,,,0.0,0.0,0.0,0.0,0.0,0.0,462,102,457,173,457,173,560,192,0.0,0.0
133,Tom,Watson,Tom Watson,Brighton,MID,2026-09-06 15:09:00.155543+00:00,0,0,5.0,0.0,0,0,0,0,0,0,0,0,0,0,0,0,0,0.0,0.0,0.0,0.0,0.0,0,0.0,0.0,0.0,0,107,0,5,0.0,0.0,0.0,0.0,0.0,0.0,0.0,0.0,0,0,0,0,0,0.0,Has joined Leicester City on loan for the rest of the season,568,236,576,243,543,217,576,239,,,,,,,0.0,0.0,0.0,0.0,0.0,0.0,353,214,593,251,593,251,649,287,0.0,0.0
297,Darko,Gyabi,Darko Gyabi,Hull City,MID,2026-09-06 15:09:00.155543+00:00,0,0,4.5,0.0,0,0,0,0,0,0,0,0,0,0,0,0,0,0.0,0.0,0.0,0.0,0.0,0,0.0,0.0,0.0,235,1042,30,73,0.0,0.0,0.0,0.0,0.0,0.0,0.0,0.0,0,0,0,0,0,0.0,Thigh injury - Unknown return date,435,165,433,174,373,132,445,170,,,,,,,0.0,0.0,0.0,0.0,0.0,0.0,498,266,473,187,473,187,566,234,0.0,0.0
407,Claudio,Echeverri,Claudio Echeverri,Man City,MID,2026-09-06 15:09:00.155543+00:00,0,0,4.9,0.0,0,0,0,0,0,0,0,0,0,0,0,0,0,0.0,0.0,0.0,0.0,0.0,0,0.0,0.0,0.0,250,949,0,146,-0.1,0.1,0.0,0.0,0.0,0.0,0.0,0.0,0,0,0,0,0,0.0,Has joined Benfica on loan for the rest of the season,513,202,514,210,463,170,523,207,,,,,,,0.0,0.0,0.0,0.0,0.0,0.0,414,251,544,221,544,221,590,246,0.0,0.0
353,Armin,Pecsi,Armin Pecsi,Liverpool,GKP,2026-09-06 15:09:00.155543+00:00,0,0,4.0,0.0,0,0,0,0,0,0,0,0,0,0,0,0,0,0.0,0.0,0.0,0.0,0.0,0,0.0,0.0,0.0,0,776,0,44,0.0,0.0,0.0,0.0,0.0,0.0,0.0,0.0,0,0,0,0,0,0.0,Has joined TSV Hartberg on loan for the rest of the season,391,45,383,24,310,23,401,45,,,,,,,0.0,0.0,0.0,0.0,0.0,0.0,645,71,434,45,434,45,564,66,0.0,0.0
363,Giovanni,Leoni,Giovanni Leoni,Liverpool,DEF,2026-09-06 15:09:00.155543+00:00,0,0,4.0,0.0,0,0,0,0,0,0,0,0,0,0,0,0,0,0.0,0.0,0.0,0.0,0.0,0,0.0,0.0,0.0,564,1247,50,111,0.0,0.0,0.0,0.0,0.0,0.0,0.0,0.0,0,0,0,0,0,0.0,Knee injury - Unknown return date,396,158,388,156,316,133,406,158,,,,,,,0.0,0.0,0.0,0.0,0.0,0.0,652,213,439,168,439,168,520,180,0.0,0.0
83,Hákon Rafn,Valdimarsson,Hákon Rafn Valdimarsson,Brentford,GKP,2026-09-06 15:09:00.155543+00:00,0,0,4.5,0.1,0,0,0,0,0,0,0,0,0,0,0,0,0,0.0,0.0,0.0,0.0,0.0,0,0.0,0.0,0.0,1730,2502,113,205,0.0,0.0,0.0,0.0,0.0,0.0,0.0,0.0,0,0,0,0,0,0.0,,445,60,447,46,389,45,455,60,,,,,,,0.0,0.0,0.0,0.0,0.0,0.0,517,44,483,60,483,60,418,48,0.0,0.0
361,Wellity,Lucky,Wellity Lucky,Liverpool,DEF,2026-09-06 15:09:00.155543+00:00,0,0,4.0,0.1,0,0,0,0,0,0,0,0,0,0,0,0,0,0.0,0.0,0.0,0.0,0.0,0,0.0,0.0,0.0,2272,2907,244,342,0.0,0.0,0.0,0.0,0.0,0.0,0.0,0.0,0,0,0,0,0,0.0,,379,142,371,140,296,114,389,142,,,,,,,0.0,0.0,0.0,0.0,0.0,0.0,630,192,422,152,422,152,400,146,0.0,0.0
360,Conor,Bradley,Conor Bradley,Liverpool,DEF,2026-09-06 15:09:00.155543+00:00,0,0,5.0,0.0,0,0,0,0,0,0,0,0,0,0,0,0,0,0.0,0.0,0.0,0.0,0.0,0,0.0,0.0,0.0,206,485,13,48,0.0,0.0,0.0,0.0,0.0,0.0,0.0,0.0,0,0,0,0,0,0.0,Knee injury - Unknown return date,555,206,562,206,527,202,563,206,,,,,,,0.0,0.0,0.0,0.0,0.0,0.0,325,60,580,207,580,207,602,203,0.0,0.0
359,Joe,Gomez,Joe Gomez,Liverpool,DEF,2026-09-06 15:09:00.155543+00:00,0,0,5.0,0.0,0,0,0,0,0,0,0,0,0,0,0,0,0,0.0,0.0,0.0,0.0,0.0,0,0.0,0.0,0.0,164,786,15,52,0.0,0.0,0.0,0.0,0.0,0.0,0.0,0.0,0,0,0,0,0,0.0,Muscular injury - Unknown return date,525,199,527,199,483,192,534,199,,,,,,,0.0,0.0,0.0,0.0,0.0,0.0,256,39,553,200,553,200,582,198,0.0,0.0
85,Sepp,van den Berg,Sepp Van den Berg,Brentford,DEF,2026-09-06 15:09:00.155543+00:00,0,0,4.9,0.1,0,0,0,0,0,0,0,0,0,0,0,0,0,0.0,0.0,0.0,0.0,0.0,0,0.0,0.0,0.0,282,6940,16,354,-0.1,0.1,0.0,0.0,0.0,0.0,0.0,0.0,0,0,0,0,0,0.0,Groin injury - Unknown return date,505,195,506,195,454,187,515,195,,,,,,,0.0,0.0,0.0,0.0,0.0,0.0,399,72,537,198,537,198,459,162,0.0,0.0
355,Harvey,Davies,Harvey Davies,Liverpool,GKP,2026-09-06 15:09:00.155543+00:00,0,0,4.0,0.2,0,0,0,0,0,0,0,0,0,0,0,0,0,0.0,0.0,0.0,0.0,0.0,0,0.0,0.0,0.0,2654,2072,293,220,0.0,0.0,0.0,0.0,0.0,0.0,0.0,0.0,0,0,0,0,0,0.0,,368,41,360,20,285,19,378,41,,,,,,,0.0,0.0,0.0,0.0,0.0,0.0,619,67,412,41,412,41,360,40,0.0,0.0
354,Vitezslav,Jaros,Vitezslav Jaros,Liverpool,GKP,2026-09-06 15:09:00.155543+00:00,0,0,4.0,0.0,0,0,0,0,0,0,0,0,0,0,0,0,0,0.0,0.0,0.0,0.0,0.0,0,0.0,0.0,0.0,877,596,165,81,0.0,0.0,0.0,0.0,0.0,0.0,0.0,0.0,0,0,0,0,0,0.0,Knee injury - Unknown return date,363,38,355,17,279,16,373,38,,,,,,,0.0,0.0,0.0,0.0,0.0,0.0,609,64,407,38,407,38,575,68,0.0,0.0
352,Freddie,Woodman,Freddie Woodman,Liverpool,GKP,2026-09-06 15:09:00.155543+00:00,0,0,4.0,1.1,0,0,0,0,0,0,0,0,0,0,0,0,0,0.0,0.0,0.0,0.0,0.0,0,0.0,0.0,0.0,12337,14997,847,1527,0.0,0.0,0.0,0.0,0.0,0.0,0.0,0.0,0,0,0,0,0,0.0,,353,33,343,12,265,11,362,33,,,,,,,0.0,0.0,0.0,0.0,0.0,0.0,590,59,397,33,397,33,185,29,0.0,0.0
615,Michele,Di Gregorio,Michele Di Gregorio,Bournemouth,GKP,2026-09-06 15:09:00.155543+00:00,0,0,4.5,0.0,0,0,0,0,0,0,0,0,0,0,0,0,0,0.0,0.0,0.0,0.0,0.0,0,0.0,0.0,0.0,1842,595,197,113,0.0,0.0,0.0,0.0,0.0,0.0,0.0,0.0,0,0,0,0,0,0.0,,421,57,417,38,353,37,431,57,,,,,,,0.0,0.0,0.0,0.0,0.0,0.0,471,36,460,57,460,57,539,61,0.0,0.0
351,Giorgi,Mamardashvili,Giorgi Mamardashvili,Liverpool,GKP,2026-09-06 15:09:00.155543+00:00,0,0,4.9,0.1,0,0,0,0,0,0,0,0,0,0,0,0,0,0.0,0.0,0.0,0.0,0.0,0,0.0,0.0,0.0,1859,5484,199,606,-0.1,0.1,0.0,0.0,0.0,0.0,0.0,0.0,0,0,0,0,0,0.0,,506,67,507,55,455,54,516,67,,,,,,,0.0,0.0,0.0,0.0,0.0,0.0,400,21,538,67,538,67,383,45,0.0,0.0
648,Jean-Mattéo,Bahoya,Jean-Mattéo Bahoya,Leeds,MID,2026-09-06 15:09:00.155543+00:00,0,0,5.0,0.0,0,0,0,0,0,0,0,0,0,0,0,0,0,0.0,0.0,0.0,0.0,0.0,0,0.0,0.0,0.0,1305,271,290,75,0.0,0.0,0.0,0.0,0.0,0.0,0.0,0.0,0,0,0,0,0,0.0,,572,239,579,245,549,222,580,242,,,,,,,0.0,0.0,0.0,0.0,0.0,0.0,361,220,595,252,595,252,595,251,0.0,0.0
629,Michael,Zetterer,Michael Zetterer,Leeds,GKP,2026-09-06 15:09:00.155543+00:00,0,0,4.0,0.3,0,0,0,0,0,0,0,0,0,0,0,0,0,0.0,0.0,0.0,0.0,0.0,0,0.0,0.0,0.0,18476,1959,5202,652,0.0,0.0,0.0,0.0,0.0,0.0,0.0,0.0,0,0,0,0,0,0.0,,352,32,342,11,264,10,361,32,,,,,,,0.0,0.0,0.0,0.0,0.0,0.0,589,58,396,32,396,32,302,37,0.0,0.0
625,Alex,Cairns,Alex Cairns,Leeds,GKP,2026-09-06 15:09:00.155543+00:00,0,0,4.0,0.1,0,0,0,0,0,0,0,0,0,0,0,0,0,0.0,0.0,0.0,0.0,0.0,0,0.0,0.0,0.0,11027,1703,1602,319,0.0,0.0,0.0,0.0,0.0,0.0,0.0,0.0,0,0,0,0,0,0.0,,348,30,338,9,260,8,357,30,,,,,,,0.0,0.0,0.0,0.0,0.0,0.0,584,56,392,30,392,30,366,41,0.0,0.0
604,Alfie,Cresswell,Alfie Cresswell,Leeds,MID,2026-09-06 15:09:00.155543+00:00,0,0,4.5,0.1,0,0,0,0,0,0,0,0,0,0,0,0,0,0.0,0.0,0.0,0.0,0.0,0,0.0,0.0,0.0,9870,3347,919,443,0.0,0.0,0.0,0.0,0.0,0.0,0.0,0.0,0,0,0,0,0,0.0,,470,177,471,186,415,144,480,182,,,,,,,0.0,0.0,0.0,0.0,0.0,0.0,546,279,506,199,506,199,391,144,0.0,0.0
603,Jayden,Lienou,Jayden Lienou,Leeds,DEF,2026-09-06 15:09:00.155543+00:00,0,0,4.0,0.1,0,0,0,0,0,0,0,0,0,0,0,0,0,0.0,0.0,0.0,0.0,0.0,0,0.0,0.0,0.0,4365,1678,341,223,0.0,0.0,0.0,0.0,0.0,0.0,0.0,0.0,0,0,0,0,0,0.0,,395,157,387,155,315,132,405,157,,,,,,,0.0,0.0,0.0,0.0,0.0,0.0,651,212,438,167,438,167,430,151,0.0,0.0
92,Kim,Ji-soo,Kim Ji-soo,Brentford,DEF,2026-09-06 15:09:00.155543+00:00,0,0,4.5,0.0,0,0,0,0,0,0,0,0,0,0,0,0,0,0.0,0.0,0.0,0.0,0.0,0,0.0,0.0,0.0,291,543,28,61,0.0,0.0,0.0,0.0,0.0,0.0,0.0,0.0,0,0,0,0,0,0.0,,464,184,465,185,408,174,474,184,,,,,,,0.0,0.0,0.0,0.0,0.0,0.0,537,142,500,189,500,189,572,195,0.0,0.0
349,Mateo,Joseph Fernández-Regatillo,Mateo Mateo Joseph,Leeds,FWD,2026-09-06 15:09:00.155543+00:00,0,0,4.5,0.1,0,0,0,0,0,0,0,0,0,0,0,0,0,0.0,0.0,0.0,0.0,0.0,0,0.0,0.0,0.0,1447,2363,175,230,0.0,0.0,0.0,0.0,0.0,0.0,0.0,0.0,0,0,0,0,0,0.0,Knee injury - Unknown return date,462,42,463,47,406,44,472,47,,,,,,,0.0,0.0,0.0,0.0,0.0,0.0,535,72,498,51,498,51,493,68,0.0,0.0
365,Calvin,Ramsay,Calvin Ramsay,Liverpool,DEF,2026-09-06 15:09:00.155543+00:00,0,0,4.0,0.1,0,0,0,0,0,0,0,0,0,0,0,0,0,0.0,0.0,0.0,0.0,0.0,0,0.0,0.0,0.0,638,9505,0,538,0.0,0.0,0.0,0.0,0.0,0.0,0.0,0.0,0,0,0,0,0,0.0,Has joined St Mirren on loan for the rest of the season,372,137,364,135,289,109,382,137,,,,,,,0.0,0.0,0.0,0.0,0.0,0.0,623,187,416,148,416,148,404,148,0.0,0.0
573,Juanlu,Sánchez,Juanlu Sanchez,Bournemouth,DEF,2026-09-06 15:09:00.155543+00:00,0,0,4.5,0.2,0,0,0,0,0,0,0,0,0,0,0,0,0,0.0,0.0,0.0,0.0,0.0,0,0.0,0.0,0.0,879,4093,58,339,0.0,0.0,0.0,0.0,0.0,0.0,0.0,0.0,0,0,0,0,0,0.0,,440,177,442,178,384,167,450,177,,,,,,,0.0,0.0,0.0,0.0,0.0,0.0,512,134,478,183,478,183,344,127,0.0,0.0
298,Enis,Destan,Enis Destan,Hull City,FWD,2026-09-06 15:09:00.155543+00:00,0,0,4.5,0.2,0,0,0,0,0,0,0,0,0,0,0,0,0,0.0,0.0,0.0,0.0,0.0,0,0.0,0.0,0.0,0,15363,0,923,0.0,0.0,0.0,0.0,0.0,0.0,0.0,0.0,0,0,0,0,0,0.0,Has joined Konyaspor permanently,444,38,446,44,388,40,454,43,,,,,,,0.0,0.0,0.0,0.0,0.0,0.0,516,68,482,48,482,48,318,53,0.0,0.0
77,Amine,Adli,Amine Adli,Bournemouth,MID,2026-09-06 15:09:00.155543+00:00,0,0,4.9,0.0,0,0,0,0,0,0,0,0,0,0,0,0,0,0.0,0.0,0.0,0.0,0.0,0,0.0,0.0,0.0,204,1676,14,73,-0.1,0.1,0.0,0.0,0.0,0.0,0.0,0.0,0,0,0,0,0,0.0,Unspecified injury - Unknown return date,508,198,509,206,457,166,518,203,,,,,,,0.0,0.0,0.0,0.0,0.0,0.0,404,244,540,218,540,218,576,238,0.0,0.0
404,Tijjani,Reijnders,Tijjani Reijnders,Man City,MID,2026-09-06 15:09:00.155543+00:00,0,0,6.0,0.0,0,0,0,0,0,0,0,0,0,0,0,0,0,0.0,0.0,0.0,0.0,0.0,0,0.0,0.0,0.0,0,7506,0,186,0.0,0.0,0.0,0.0,0.0,0.0,0.0,0.0,0,0,0,0,0,0.0,Has joined Al Qadsiah permanently,634,279,635,279,630,275,635,279,,,,,,,0.0,0.0,0.0,0.0,0.0,0.0,70,48,638,280,638,280,509,209,0.0,0.0
402,Rodrigo 'Rodri',Hernandez Cascante,Rodrigo 'Rodri' Rodrigo,Man City,MID,2026-09-06 15:09:00.155543+00:00,0,0,6.5,0.0,0,0,0,0,0,0,0,0,0,0,0,0,0,0.0,0.0,0.0,0.0,0.0,0,0.0,0.0,0.0,0,1098,0,33,0.0,0.0,0.0,0.0,0.0,0.0,0.0,0.0,0,0,0,0,0,0.0,Has joined Barcelona permanently,644,285,644,285,643,284,644,285,,,,,,,0.0,0.0,0.0,0.0,0.0,0.0,36,24,645,286,645,286,591,247,0.0,0.0
400,Jérémy,Doku,Jérémy Doku,Man City,MID,2026-09-06 15:09:00.155543+00:00,0,0,7.4,0.8,0,0,0,0,0,0,0,0,0,0,0,0,0,0.0,0.0,0.0,0.0,0.0,0,0.0,0.0,0.0,1033,107910,86,3524,-0.1,0.1,0.0,0.0,0.0,0.0,0.0,0.0,0,0,0,0,0,0.0,Calf injury - Expected back 13 Sep,649,288,649,288,649,288,649,288,,,,,3.0,,0.0,0.0,0.0,0.0,0.0,0.0,20,12,649,288,649,288,208,66,0.0,0.0
65,Julián,Araujo Zúñiga,Julián J.Araujo,Bournemouth,DEF,2026-09-06 15:09:00.155543+00:00,0,0,4.5,0.0,0,0,0,0,0,0,0,0,0,0,0,0,0,0.0,0.0,0.0,0.0,0.0,0,0.0,0.0,0.0,215,928,31,56,0.0,0.0,0.0,0.0,0.0,0.0,0.0,0.0,0,0,0,0,0,0.0,Thigh injury - Unknown return date,429,173,426,173,365,160,439,173,,,,,,,0.0,0.0,0.0,0.0,0.0,0.0,487,121,467,179,467,179,587,199,0.0,0.0
66,Julio,Soler Barreto,Julio Soler,Bournemouth,DEF,2026-09-06 15:09:00.155543+00:00,0,0,4.0,0.2,0,0,0,0,0,0,0,0,0,0,0,0,0,0.0,0.0,0.0,0.0,0.0,0,0.0,0.0,0.0,7484,5317,1022,535,0.0,0.0,0.0,0.0,0.0,0.0,0.0,0.0,0,0,0,0,0,0.0,,387,150,379,148,306,124,397,150,,,,,,,0.0,0.0,0.0,0.0,0.0,0.0,641,203,430,160,430,160,316,115,0.0,0.0
394,Max,Alleyne,Max Alleyne,Man City,DEF,2026-09-06 15:09:00.155543+00:00,0,0,5.0,0.0,0,0,0,0,0,0,0,0,0,0,0,0,0,0.0,0.0,0.0,0.0,0.0,0,0.0,0.0,0.0,0,518,0,19,0.0,0.0,0.0,0.0,0.0,0.0,0.0,0.0,0,0,0,0,0,0.0,Has joined Burnley on loan for the rest of the season,557,207,564,207,529,203,565,207,,,,,,,0.0,0.0,0.0,0.0,0.0,0.0,327,61,582,208,582,208,624,208,0.0,0.0
392,Rayan,Aït-Nouri,Rayan Aït-Nouri,Man City,DEF,2026-09-06 15:09:00.155543+00:00,0,0,5.4,0.5,0,0,0,0,0,0,0,0,0,0,0,0,0,0.0,0.0,0.0,0.0,0.0,0,0.0,0.0,0.0,4883,44840,247,2990,-0.1,0.1,0.0,0.0,0.0,0.0,0.0,0.0,0,0,0,0,0,0.0,,588,209,594,209,570,207,595,209,,,,,,,0.0,0.0,0.0,0.0,0.0,0.0,216,31,610,210,610,210,248,93,0.0,0.0
386,Marcus,Bettinelli,Marcus Bettinelli,Man City,GKP,2026-09-06 15:09:00.155543+00:00,0,0,4.5,0.0,0,0,0,0,0,0,0,0,0,0,0,0,0,0.0,0.0,0.0,0.0,0.0,0,0.0,0.0,0.0,342,662,35,53,0.0,0.0,0.0,0.0,0.0,0.0,0.0,0.0,0,0,0,0,0,0.0,,407,52,401,33,335,32,417,52,,,,,,,0.0,0.0,0.0,0.0,0.0,0.0,439,31,449,52,449,52,544,62,0.0,0.0
383,Harvey,Elliott,Harvey Elliott,Liverpool,MID,2026-09-06 15:09:00.155543+00:00,0,0,5.4,0.0,0,0,0,0,0,0,0,0,0,0,0,0,0,0.0,0.0,0.0,0.0,0.0,0,0.0,0.0,0.0,907,4343,0,671,-0.1,0.1,0.0,0.0,0.0,0.0,0.0,0.0,0,0,0,0,0,0.0,Has joined Valencia on loan for the rest of the season,587,248,593,253,568,234,594,250,,,,,,,0.0,0.0,0.0,0.0,0.0,0.0,214,134,609,260,609,260,497,201,0.0,0.0
370,Federico,Chiesa,Federico Chiesa,Liverpool,MID,2026-09-06 15:09:00.155543+00:00,0,0,5.4,0.1,0,0,0,0,0,0,0,0,0,0,0,0,0,0.0,0.0,0.0,0.0,0.0,0,0.0,0.0,0.0,644,8237,9,441,-0.1,0.1,0.0,0.0,0.0,0.0,0.0,0.0,0,0,0,0,0,0.0,Back injury - Unknown return date,585,246,592,252,565,231,593,249,,,,,,,0.0,0.0,0.0,0.0,0.0,0.0,204,126,608,259,608,259,479,191,0.0,0.0
382,Jayden,Danns,Jayden Danns,Liverpool,FWD,2026-09-06 15:09:00.155543+00:00,0,0,4.5,0.1,0,0,0,0,0,0,0,0,0,0,0,0,0,0.0,0.0,0.0,0.0,0.0,0,0.0,0.0,0.0,5271,2016,2047,508,0.0,0.0,0.0,0.0,0.0,0.0,0.0,0.0,0,0,0,0,0,0.0,,442,37,444,43,386,39,452,42,,,,,,,0.0,0.0,0.0,0.0,0.0,0.0,514,67,480,47,480,47,442,63,0.0,0.0
380,Hugo,Ekitiké,Hugo Ekitiké,Liverpool,FWD,2026-09-06 15:09:00.155543+00:00,0,0,7.5,0.1,0,0,0,0,0,0,0,0,0,0,0,0,0,0.0,0.0,0.0,0.0,0.0,0,0.0,0.0,0.0,1581,8041,176,802,0.0,0.0,0.0,0.0,0.0,0.0,0.0,0.0,0,0,0,0,0,0.0,Achilles injury - Unknown return date,651,77,651,77,651,77,651,77,,,,,,,0.0,0.0,0.0,0.0,0.0,0.0,18,7,651,77,651,77,408,58,0.0,0.0
78,Junior,Kroupi,Junior Kroupi.Jr,Bournemouth,MID,2026-09-06 15:09:00.155543+00:00,0,0,7.4,0.2,0,0,0,0,0,0,0,0,0,0,0,0,0,0.0,0.0,0.0,0.0,0.0,0,0.0,0.0,0.0,768,22360,60,992,-0.1,0.1,0.0,0.0,0.0,0.0,0.0,0.0,0,0,0,0,0,0.0,Foot injury - Unknown return date,650,289,650,289,650,289,650,289,,,,,1.0,,0.0,0.0,0.0,0.0,0.0,0.0,22,14,650,289,650,289,329,117,0.0,0.0
378,James,McConnell,James McConnell,Liverpool,MID,2026-09-06 15:09:00.155543+00:00,0,0,4.5,0.2,0,0,0,0,0,0,0,0,0,0,0,0,0,0.0,0.0,0.0,0.0,0.0,0,0.0,0.0,0.0,2594,6845,307,622,0.0,0.0,0.0,0.0,0.0,0.0,0.0,0.0,0,0,0,0,0,0.0,,438,167,440,176,382,134,448,172,,,,,,,0.0,0.0,0.0,0.0,0.0,0.0,510,268,476,189,476,189,320,114,0.0,0.0
80,Enes,Ünal,Enes Enes Ünal,Bournemouth,FWD,2026-09-06 15:09:00.155543+00:00,0,0,5.5,0.0,0,0,0,0,0,0,0,0,0,0,0,0,0,0.0,0.0,0.0,0.0,0.0,0,0.0,0.0,0.0,0,1653,0,61,0.0,0.0,0.0,0.0,0.0,0.0,0.0,0.0,0,0,0,0,0,0.0,Has joined Getafe permanently,603,63,607,68,588,65,609,68,,,,,,,0.0,0.0,0.0,0.0,0.0,0.0,127,32,618,71,618,71,571,75,0.0,0.0
376,Stefan,Bajčetić Maquieira,Stefan Bajcetic,Liverpool,MID,2026-09-06 15:09:00.155543+00:00,0,0,5.0,0.0,0,0,0,0,0,0,0,0,0,0,0,0,0,0.0,0.0,0.0,0.0,0.0,0,0.0,0.0,0.0,19,77,0,5,0.0,0.0,0.0,0.0,0.0,0.0,0.0,0.0,0,0,0,0,0,0.0,Has joined Celta Vigo permanently,564,232,572,239,538,212,572,235,,,,,,,0.0,0.0,0.0,0.0,0.0,0.0,346,207,589,247,589,247,648,286,0.0,0.0
374,Endo,Wataru,Endo Endo,Liverpool,MID,2026-09-06 15:09:00.155543+00:00,0,0,5.0,0.1,0,0,0,0,0,0,0,0,0,0,0,0,0,0.0,0.0,0.0,0.0,0.0,0,0.0,0.0,0.0,1441,2741,158,310,0.0,0.0,0.0,0.0,0.0,0.0,0.0,0.0,0,0,0,0,0,0.0,,524,209,526,217,482,183,533,213,,,,,,,0.0,0.0,0.0,0.0,0.0,0.0,254,157,552,227,552,227,476,189,0.0,0.0
373,Curtis,Jones,Curtis C.Jones,Liverpool,MID,2026-09-06 15:09:00.155543+00:00,0,0,5.5,0.0,0,0,0,0,0,0,0,0,0,0,0,0,0,0.0,0.0,0.0,0.0,0.0,0,0.0,0.0,0.0,34,2172,0,114,0.0,0.0,0.0,0.0,0.0,0.0,0.0,0.0,0,0,0,0,0,0.0,Has joined Internazionale permanently,607,260,611,261,595,249,612,261,,,,,,,0.0,0.0,0.0,0.0,0.0,0.0,141,85,621,267,621,267,548,224,0.0,0.0
348,Joël,Piroe,Joël Piroe,Leeds,FWD,2026-09-06 15:09:00.155543+00:00,0,0,5.0,0.1,0,0,0,0,0,0,0,0,0,0,0,0,0,0.0,0.0,0.0,0.0,0.0,0,0.0,0.0,0.0,0,8686,0,390,0.0,0.0,0.0,0.0,0.0,0.0,0.0,0.0,0,0,0,0,0,0.0,Has joined West Ham United on loan for the rest of the season,537,50,540,55,498,52,545,55,,,,,3.0,,0.0,0.0,0.0,0.0,0.0,0.0,288,55,563,59,563,59,451,64,0.0,0.0
344,Ilia,Gruev,Ilia Gruev,Leeds,MID,2026-09-06 15:09:00.155543+00:00,0,0,5.0,0.0,0,0,0,0,0,0,0,0,0,0,0,0,0,0.0,0.0,0.0,0.0,0.0,0,0.0,0.0,0.0,46,209,4,9,0.0,0.0,0.0,0.0,0.0,0.0,0.0,0.0,0,0,0,0,0,0.0,Knee injury - 25% chance of playing,549,223,556,230,519,201,557,226,,,,,,,0.0,0.0,0.0,0.0,0.0,0.0,317,188,575,239,575,239,634,276,0.0,0.0
342,Jack,Harrison,Jack Harrison,Leeds,MID,2026-09-06 15:09:00.155543+00:00,0,0,5.0,0.0,0,0,0,0,0,0,0,0,0,0,0,0,0,0.0,0.0,0.0,0.0,0.0,0,0.0,0.0,0.0,0,56,0,3,0.0,0.0,0.0,0.0,0.0,0.0,0.0,0.0,0,0,0,0,0,0.0,Has joined New England Revolution permanently,531,214,534,221,491,188,539,217,,,,,,,0.0,0.0,0.0,0.0,0.0,0.0,277,171,558,231,558,231,652,290,0.0,0.0
301,Alex,Palmer,Alex Palmer,Ipswich Town,GKP,2026-09-06 15:09:00.155543+00:00,0,0,4.0,4.3,0,0,0,0,0,0,0,0,0,0,0,0,0,0.0,0.0,0.0,0.0,0.0,0,0.0,0.0,0.0,42446,53510,5080,5295,0.0,0.0,0.0,0.0,0.0,0.0,0.0,0.0,0,0,0,0,0,0.0,,350,31,340,10,262,9,359,31,,,,,,,0.0,0.0,0.0,0.0,0.0,0.0,587,57,394,31,394,31,83,12,0.0,0.0
311,Wes,Burns,Wes Burns,Ipswich Town,MID,2026-09-06 15:09:00.155543+00:00,0,0,5.0,0.0,0,0,0,0,0,0,0,0,0,0,0,0,0,0.0,0.0,0.0,0.0,0.0,0,0.0,0.0,0.0,0,294,0,15,0.0,0.0,0.0,0.0,0.0,0.0,0.0,0.0,0,0,0,0,0,0.0,Has joined Leicester City permanently,522,207,524,215,478,179,531,211,,,,,,,0.0,0.0,0.0,0.0,0.0,0.0,250,153,550,225,550,225,639,280,0.0,0.0
310,Azor,Matusiwa,Azor Matusiwa,Ipswich Town,MID,2026-09-06 15:09:00.155543+00:00,0,0,5.0,0.0,0,0,0,0,0,0,0,0,0,0,0,0,0,0.0,0.0,0.0,0.0,0.0,0,0.0,0.0,0.0,25,186,5,7,0.0,0.0,0.0,0.0,0.0,0.0,0.0,0.0,0,0,0,0,0,0.0,Muscular injury - Unknown return date,538,216,541,223,499,191,546,219,,,,,,,0.0,0.0,0.0,0.0,0.0,0.0,289,175,564,233,564,233,637,278,0.0,0.0
120,Michael,Svoboda,Michael Svoboda,Brighton,DEF,2026-09-06 15:09:00.155543+00:00,0,0,5.0,0.1,0,0,0,0,0,0,0,0,0,0,0,0,0,0.0,0.0,0.0,0.0,0.0,0,0.0,0.0,0.0,1793,1863,162,192,0.0,0.0,0.0,0.0,0.0,0.0,0.0,0.0,0,0,0,0,0,0.0,,544,204,549,204,510,198,552,204,,,,,,,0.0,0.0,0.0,0.0,0.0,0.0,302,53,570,205,570,205,492,173,0.0,0.0
307,Ben,Johnson,Ben Johnson,Ipswich Town,DEF,2026-09-06 15:09:00.155543+00:00,0,0,4.0,0.1,0,0,0,0,0,0,0,0,0,0,0,0,0,0.0,0.0,0.0,0.0,0.0,0,0.0,0.0,0.0,1137,3086,0,696,0.0,0.0,0.0,0.0,0.0,0.0,0.0,0.0,0,0,0,0,0,0.0,Has joined Stoke City on loan for the rest of the season,361,132,353,130,277,103,371,132,,,,,,,0.0,0.0,0.0,0.0,0.0,0.0,606,176,405,143,405,143,433,152,0.0,0.0
121,Mitoma,Kaoru,Mitoma Mitoma,Brighton,MID,2026-09-06 15:09:00.155543+00:00,0,0,5.9,0.0,0,0,0,0,0,0,0,0,0,0,0,0,0,0.0,0.0,0.0,0.0,0.0,0,0.0,0.0,0.0,302,2324,13,136,-0.1,0.1,-0.1,0.1,0.0,0.0,0.0,0.0,0,0,0,0,0,0.0,Hamstring injury - Unknown return date,628,273,628,273,622,268,629,273,,,,,,,0.0,0.0,0.0,0.0,0.0,0.0,101,65,633,275,633,275,527,217,0.0,0.0
122,Yankuba,Minteh,Yankuba Minteh,Brighton,MID,2026-09-06 15:09:00.155543+00:00,0,0,5.9,0.0,0,0,0,0,0,0,0,0,0,0,0,0,0,0.0,0.0,0.0,0.0,0.0,0,0.0,0.0,0.0,240,5675,13,228,-0.1,0.1,0.0,0.0,0.0,0.0,0.0,0.0,0,0,0,0,0,0.0,Leg injury - Expected back 28 Nov,630,275,630,275,625,271,631,275,5.0,,,,,,0.0,0.0,0.0,0.0,0.0,0.0,111,71,635,277,635,277,508,208,0.0,0.0
303,Cédric,Kipré,Cédric Kipré,Ipswich Town,DEF,2026-09-06 15:09:00.155543+00:00,0,0,4.0,0.5,0,0,0,0,0,0,0,0,0,0,0,0,0,0.0,0.0,0.0,0.0,0.0,0,0.0,0.0,0.0,1093,11212,129,841,0.0,0.0,0.0,0.0,0.0,0.0,0.0,0.0,0,0,0,0,0,0.0,,356,128,348,126,271,98,366,128,,,,,,,0.0,0.0,0.0,0.0,0.0,0.0,598,169,400,139,400,139,246,92,0.0,0.0
302,David,Button,David Button,Ipswich Town,GKP,2026-09-06 15:09:00.155543+00:00,0,0,4.0,0.5,0,0,0,0,0,0,0,0,0,0,0,0,0,0.0,0.0,0.0,0.0,0.0,0,0.0,0.0,0.0,11149,6238,1593,538,0.0,0.0,0.0,0.0,0.0,0.0,0.0,0.0,0,0,0,0,0,0.0,,343,26,333,5,255,4,352,26,,,,,,,0.0,0.0,0.0,0.0,0.0,0.0,579,52,387,26,387,26,255,33,0.0,0.0
300,Christian,Walton,Christian Walton,Ipswich Town,GKP,2026-09-06 15:09:00.155543+00:00,0,0,4.5,0.4,0,0,0,0,0,0,0,0,0,0,0,0,0,0.0,0.0,0.0,0.0,0.0,0,0.0,0.0,0.0,633,9610,74,574,0.0,0.0,0.0,0.0,0.0,0.0,0.0,0.0,0,0,0,0,0,0.0,,404,49,398,30,332,29,414,49,,,,,,,0.0,0.0,0.0,0.0,0.0,0.0,436,28,446,49,446,49,264,34,0.0,0.0
341,Wilfried,Gnonto,Wilfried Gnonto,Leeds,MID,2026-09-06 15:09:00.155543+00:00,0,0,5.0,0.0,0,0,0,0,0,0,0,0,0,0,0,0,0,0.0,0.0,0.0,0.0,0.0,0,0.0,0.0,0.0,244,1297,0,153,0.0,0.0,0.0,0.0,0.0,0.0,0.0,0.0,0,0,0,0,0,0.0,Has joined ACF Fiorentina on loan for the rest of the season,556,228,563,235,528,207,564,231,,,,,,,0.0,0.0,0.0,0.0,0.0,0.0,326,194,581,243,581,243,592,248,0.0,0.0
126,Matt,O'Riley,Matt O'Riley,Brighton,MID,2026-09-06 15:09:00.155543+00:00,0,0,5.5,0.1,0,0,0,0,0,0,0,0,0,0,0,0,0,0.0,0.0,0.0,0.0,0.0,0,0.0,0.0,0.0,1899,3603,203,302,0.0,0.0,0.0,0.0,0.0,0.0,0.0,0.0,0,0,0,0,0,0.0,,608,261,612,262,596,250,613,262,,,,,3.0,,0.0,0.0,0.0,0.0,0.0,0.0,144,87,622,268,622,268,424,168,0.0,0.0
645,Christos,Mouzakitis,Christos Mouzakitis,Hull City,MID,2026-09-06 15:09:00.155543+00:00,0,0,5.0,0.0,0,0,0,0,0,0,0,0,0,0,0,0,0,0.0,0.0,0.0,0.0,0.0,0,0.0,0.0,0.0,302,40,92,16,0.0,0.0,0.0,0.0,0.0,0.0,0.0,0.0,0,0,0,0,0,0.0,,578,241,585,247,556,225,586,244,,,,,,,0.0,0.0,0.0,0.0,0.0,0.0,373,226,601,254,601,254,630,274,0.0,0.0
637,Robinio,Vaz,Robinio Vaz,Hull City,FWD,2026-09-06 15:09:00.155543+00:00,0,0,5.0,0.0,0,0,0,0,0,0,0,0,0,0,0,0,0,0.0,0.0,0.0,0.0,0.0,0,0.0,0.0,0.0,2329,332,722,130,0.0,0.0,0.0,0.0,0.0,0.0,0.0,0.0,0,0,0,0,0,0.0,,577,58,584,63,555,60,585,63,,,,,,,0.0,0.0,0.0,0.0,0.0,0.0,372,64,600,67,600,67,551,73,0.0,0.0
632,Ilyas,Ansah,Ilyas Ansah,Hull City,FWD,2026-09-06 15:09:00.155543+00:00,0,0,5.0,0.0,0,0,0,0,0,0,0,0,0,0,0,0,0,0.0,0.0,0.0,0.0,0.0,0,0.0,0.0,0.0,3327,412,1105,202,0.0,0.0,0.0,0.0,0.0,0.0,0.0,0.0,0,0,0,0,0,0.0,,575,56,582,61,553,58,583,61,,,,,,,0.0,0.0,0.0,0.0,0.0,0.0,370,62,598,65,598,65,523,70,0.0,0.0
128,Facundo,Buonanotte,Facundo Buonanotte,Brighton,MID,2026-09-06 15:09:00.155543+00:00,0,0,5.0,0.0,0,0,0,0,0,0,0,0,0,0,0,0,0,0.0,0.0,0.0,0.0,0.0,0,0.0,0.0,0.0,0,284,0,17,0.0,0.0,0.0,0.0,0.0,0.0,0.0,0.0,0,0,0,0,0,0.0,Has joined Elche on loan for the rest of the season,565,233,573,240,539,213,573,236,,,,,,,0.0,0.0,0.0,0.0,0.0,0.0,348,209,590,248,590,248,642,282,0.0,0.0
132,Harry,Howell,Harry Howell,Brighton,MID,2026-09-06 15:09:00.155543+00:00,0,0,4.5,0.0,0,0,0,0,0,0,0,0,0,0,0,0,0,0.0,0.0,0.0,0.0,0.0,0,0.0,0.0,0.0,0,2654,0,146,0.0,0.0,0.0,0.0,0.0,0.0,0.0,0.0,0,0,0,0,0,0.0,Has joined Leicester City on loan for the rest of the season,474,179,475,188,419,146,484,184,,,,,,,0.0,0.0,0.0,0.0,0.0,0.0,550,281,510,201,510,201,515,211,0.0,0.0
340,Joe,Gelhardt,Joe Gelhardt,Hull City,MID,2026-09-06 15:09:00.155543+00:00,0,0,5.0,0.0,0,0,0,0,0,0,0,0,0,0,0,0,0,0.0,0.0,0.0,0.0,0.0,0,0.0,0.0,0.0,210,542,66,31,0.0,0.0,0.0,0.0,0.0,0.0,0.0,0.0,0,0,0,0,0,0.0,,546,221,551,228,512,198,554,224,,,,,,,0.0,0.0,0.0,0.0,0.0,0.0,305,183,572,237,572,237,598,253,0.0,0.0
299,Mason,Burstow,Mason Burstow,Hull City,FWD,2026-09-06 15:09:00.155543+00:00,0,0,4.5,0.0,0,0,0,0,0,0,0,0,0,0,0,0,0,0.0,0.0,0.0,0.0,0.0,0,0.0,0.0,0.0,0,2131,0,143,0.0,0.0,0.0,0.0,0.0,0.0,0.0,0.0,0,0,0,0,0,0.0,Has joined Sheffield Wednesday on loan for the rest of the season,452,39,454,45,396,41,462,44,,,,,,,0.0,0.0,0.0,0.0,0.0,0.0,524,69,489,49,489,49,510,69,0.0,0.0
312,Jack,Taylor,Jack Taylor,Ipswich Town,MID,2026-09-06 15:09:00.155543+00:00,0,0,4.5,0.0,0,0,0,0,0,0,0,0,0,0,0,0,0,0.0,0.0,0.0,0.0,0.0,0,0.0,0.0,0.0,343,1703,42,125,0.0,0.0,0.0,0.0,0.0,0.0,0.0,0.0,0,0,0,0,0,0.0,Knee injury - Unknown return date,422,163,418,172,355,129,432,168,,,,,,,0.0,0.0,0.0,0.0,0.0,0.0,473,262,461,185,461,185,529,218,0.0,0.0
651,Juan,Angulo,Juan J.Angulo,Sunderland,FWD,2026-09-06 15:09:00.155543+00:00,0,0,4.5,0.3,0,0,0,0,0,0,0,0,0,0,0,0,0,0.0,0.0,0.0,0.0,0.0,0,0.0,0.0,0.0,24298,3232,8359,1396,0.0,0.0,0.0,0.0,0.0,0.0,0.0,0.0,0,0,0,0,0,0.0,,486,48,486,53,431,50,495,53,,,,,,,0.0,0.0,0.0,0.0,0.0,0.0,564,78,521,57,521,57,306,51,0.0,0.0
314,Chiedozie,Ogbene,Chiedozie Ogbene,Ipswich Town,MID,2026-09-06 15:09:00.155543+00:00,0,0,4.9,0.0,0,0,0,0,0,0,0,0,0,0,0,0,0,0.0,0.0,0.0,0.0,0.0,0,0.0,0.0,0.0,104,777,0,116,-0.1,0.1,0.0,0.0,0.0,0.0,0.0,0.0,0,0,0,0,0,0.0,Has joined Lincoln City on loan until January,499,193,499,200,446,159,508,197,,,,,,,0.0,0.0,0.0,0.0,0.0,0.0,390,236,532,213,532,213,600,255,0.0,0.0
118,Igor Julio,dos Santos de Paulo,Igor Julio Igor,Brighton,DEF,2026-09-06 15:09:00.155543+00:00,0,0,4.5,0.1,0,0,0,0,0,0,0,0,0,0,0,0,0,0.0,0.0,0.0,0.0,0.0,0,0.0,0.0,0.0,915,3411,0,641,0.0,0.0,0.0,0.0,0.0,0.0,0.0,0.0,0,0,0,0,0,0.0,Has joined Burnley permanently,420,167,416,167,352,151,430,167,,,,,,,0.0,0.0,0.0,0.0,0.0,0.0,466,105,459,174,459,174,481,170,0.0,0.0
99,Antoni,Milambo,Antoni Milambo,Brentford,MID,2026-09-06 15:09:00.155543+00:00,0,0,5.0,0.0,0,0,0,0,0,0,0,0,0,0,0,0,0,0.0,0.0,0.0,0.0,0.0,0,0.0,0.0,0.0,69,96,7,9,0.0,0.0,0.0,0.0,0.0,0.0,0.0,0.0,0,0,0,0,0,0.0,Knee injury - Unknown return date,566,234,574,241,540,214,574,237,,,,,,,0.0,0.0,0.0,0.0,0.0,0.0,350,211,591,249,591,249,646,285,0.0,0.0
100,Fábio,Freitas Gouveia Carvalho,Fábio Carvalho,Brentford,MID,2026-09-06 15:09:00.155543+00:00,0,0,5.0,0.0,0,0,0,0,0,0,0,0,0,0,0,0,0,0.0,0.0,0.0,0.0,0.0,0,0.0,0.0,0.0,823,687,125,83,0.0,0.0,0.0,0.0,0.0,0.0,0.0,0.0,0,0,0,0,0,0.0,,540,217,543,224,501,192,548,220,,,,,,,0.0,0.0,0.0,0.0,0.0,0.0,291,176,566,234,566,234,563,232,0.0,0.0
333,Sebastiaan,Bornauw,Sebastiaan Bornauw,Leeds,DEF,2026-09-06 15:09:00.155543+00:00,0,0,4.5,0.0,0,0,0,0,0,0,0,0,0,0,0,0,0,0.0,0.0,0.0,0.0,0.0,0,0.0,0.0,0.0,0,248,0,15,0.0,0.0,0.0,0.0,0.0,0.0,0.0,0.0,0,0,0,0,0,0.0,Has joined Hamburg SV on loan for the rest of the season,431,175,428,175,367,162,441,175,,,,,,,0.0,0.0,0.0,0.0,0.0,0.0,489,123,469,181,469,181,640,212,0.0,0.0
103,Josh,Dasilva,Josh Dasilva,Brentford,MID,2026-09-06 15:09:00.155543+00:00,0,0,5.0,0.0,0,0,0,0,0,0,0,0,0,0,0,0,0,0.0,0.0,0.0,0.0,0.0,0,0.0,0.0,0.0,351,1096,7,194,0.0,0.0,0.0,0.0,0.0,0.0,0.0,0.0,0,0,0,0,0,0.0,Hamstring injury - Expected back 10 Oct,527,211,530,219,486,185,536,215,,,,,,,0.0,0.0,0.0,0.0,0.0,0.0,260,160,555,229,555,229,567,235,0.0,0.0
107,Kaye,Furo,Kaye Furo,Brentford,FWD,2026-09-06 15:09:00.155543+00:00,0,0,4.5,1.1,0,0,0,0,0,0,0,0,0,0,0,0,0,0.0,0.0,0.0,0.0,0.0,0,0.0,0.0,0.0,40374,24811,4903,2583,0.0,0.0,0.0,0.0,0.0,0.0,0.0,0.0,0,0,0,0,0,0.0,,471,44,472,49,416,46,481,49,,,,,,,0.0,0.0,0.0,0.0,0.0,0.0,547,74,507,53,507,53,184,29,0.0,0.0
326,Lucas Estella,Perri,Lucas Estella Perri,Leeds,GKP,2026-09-06 15:09:00.155543+00:00,0,0,4.5,0.4,0,0,0,0,0,0,0,0,0,0,0,0,0,0.0,0.0,0.0,0.0,0.0,0,0.0,0.0,0.0,532,16809,0,1993,0.0,0.0,0.0,0.0,0.0,0.0,0.0,0.0,0,0,0,0,0,0.0,Has joined Torino on loan for the rest of the season,416,55,411,36,346,35,426,55,,,,,,,0.0,0.0,0.0,0.0,0.0,0.0,458,34,455,55,455,55,267,35,0.0,0.0
602,Cameron,Humphreys,Cameron Humphreys,Ipswich Town,MID,2026-09-06 15:09:00.155543+00:00,0,0,4.5,0.0,0,0,0,0,0,0,0,0,0,0,0,0,0,0.0,0.0,0.0,0.0,0.0,0,0.0,0.0,0.0,2861,1910,0,373,0.0,0.0,0.0,0.0,0.0,0.0,0.0,0.0,0,0,0,0,0,0.0,Has joined Huddersfield Town on loan for the rest of the season,451,171,453,180,395,138,461,176,,,,,,,0.0,0.0,0.0,0.0,0.0,0.0,523,272,488,193,488,193,525,216,0.0,0.0
571,Florentino Ibrain,Morris Luís,Florentino Ibrain Florentino,Ipswich Town,MID,2026-09-06 15:09:00.155543+00:00,0,0,4.9,0.1,0,0,0,0,0,0,0,0,0,0,0,0,0,0.0,0.0,0.0,0.0,0.0,0,0.0,0.0,0.0,527,4735,90,177,-0.1,0.1,0.0,0.0,0.0,0.0,0.0,0.0,0,0,0,0,0,0.0,,498,192,498,199,445,158,507,196,,,,,,,0.0,0.0,0.0,0.0,0.0,0.0,389,235,531,212,531,212,431,171,0.0,0.0
620,El Hadji Malick,Diouf,El Hadji Malick Diouf,Brentford,DEF,2026-09-06 15:09:00.155543+00:00,0,0,4.5,0.1,0,0,0,0,0,0,0,0,0,0,0,0,0,0.0,0.0,0.0,0.0,0.0,0,0.0,0.0,0.0,10652,3576,510,557,0.0,0.0,0.0,0.0,0.0,0.0,0.0,0.0,0,0,0,0,0,0.0,,478,188,479,189,423,179,488,188,,,,,,,0.0,0.0,0.0,0.0,0.0,0.0,555,148,514,193,514,193,434,153,0.0,0.0
111,Jason,Steele,Jason Steele,Brighton,GKP,2026-09-06 15:09:00.155543+00:00,0,0,4.0,4.2,0,0,0,0,0,0,0,0,0,0,0,0,0,0.0,0.0,0.0,0.0,0.0,0,0.0,0.0,0.0,82670,53106,9863,4803,0.0,0.0,0.0,0.0,0.0,0.0,0.0,0.0,0,0,0,0,0,0.0,,342,25,332,4,254,3,351,25,,,,,,,0.0,0.0,0.0,0.0,0.0,0.0,578,51,386,25,386,25,84,13,0.0,0.0
554,Kayne,van Oevelen,Kayne Van Oevelen,Ipswich Town,GKP,2026-09-06 15:09:00.155543+00:00,0,0,4.5,0.0,0,0,0,0,0,0,0,0,0,0,0,0,0,0.0,0.0,0.0,0.0,0.0,0,0.0,0.0,0.0,54,1408,0,73,0.0,0.0,0.0,0.0,0.0,0.0,0.0,0.0,0,0,0,0,0,0.0,Has joined Valencia on loan for the rest of the season,453,62,455,48,397,47,463,62,,,,,,,0.0,0.0,0.0,0.0,0.0,0.0,525,46,490,62,490,62,559,65,0.0,0.0
324,Anis,Mehmeti,Anis Mehmeti,Ipswich Town,MID,2026-09-06 15:09:00.155543+00:00,0,0,4.9,0.0,0,0,0,0,0,0,0,0,0,0,0,0,0,0.0,0.0,0.0,0.0,0.0,0,0.0,0.0,0.0,190,1563,34,120,-0.1,0.1,0.0,0.0,0.0,0.0,0.0,0.0,0,0,0,0,0,0.0,,500,194,500,201,447,160,509,198,,,,,,,0.0,0.0,0.0,0.0,0.0,0.0,391,237,533,214,533,214,516,212,0.0,0.0
322,Ali,Al-Hamadi,Ali Al-Hamadi,Ipswich Town,FWD,2026-09-06 15:09:00.155543+00:00,0,0,5.0,0.1,0,0,0,0,0,0,0,0,0,0,0,0,0,0.0,0.0,0.0,0.0,0.0,0,0.0,0.0,0.0,755,7310,0,431,0.0,0.0,0.0,0.0,0.0,0.0,0.0,0.0,0,0,0,0,0,0.0,Has joined Sheffield Wednesday on loan for the rest of the season,545,51,550,56,511,53,553,56,,,,,,,0.0,0.0,0.0,0.0,0.0,0.0,304,56,571,60,571,60,462,65,0.0,0.0
319,Sam,Szmodics,Sam Szmodics,Ipswich Town,MID,2026-09-06 15:09:00.155543+00:00,0,0,5.0,0.0,0,0,0,0,0,0,0,0,0,0,0,0,0,0.0,0.0,0.0,0.0,0.0,0,0.0,0.0,0.0,0,623,0,23,0.0,0.0,0.0,0.0,0.0,0.0,0.0,0.0,0,0,0,0,0,0.0,Has joined Derby County on loan for the rest of the season,526,210,528,218,484,184,535,214,,,,,,,0.0,0.0,0.0,0.0,0.0,0.0,257,159,554,228,554,228,629,273,0.0,0.0
318,Jaden,Philogene,Jaden Philogene,Ipswich Town,MID,2026-09-06 15:09:00.155543+00:00,0,0,5.4,0.1,0,0,0,0,0,0,0,0,0,0,0,0,0,0.0,0.0,0.0,0.0,0.0,0,0.0,0.0,0.0,151,7739,4,361,-0.1,0.1,0.0,0.0,0.0,0.0,0.0,0.0,0,0,0,0,0,0.0,Ankle injury - Unknown return date,592,250,598,255,574,236,599,252,5.0,,,,3.0,,0.0,0.0,0.0,0.0,0.0,0.0,220,136,612,261,612,261,441,175,0.0,0.0
317,George,Hirst,George Hirst,Ipswich Town,FWD,2026-09-06 15:09:00.155543+00:00,0,0,5.0,0.1,0,0,0,0,0,0,0,0,0,0,0,0,0,0.0,0.0,0.0,0.0,0.0,0,0.0,0.0,0.0,0,13501,0,441,0.0,0.0,0.0,0.0,0.0,0.0,0.0,0.0,0,0,0,0,0,0.0,Has joined Stoke City permanently,533,49,536,54,493,51,541,54,,,,,,,0.0,0.0,0.0,0.0,0.0,0.0,280,53,560,58,560,58,414,59,0.0,0.0
117,Diego,Coppola,Diego Coppola,Brighton,DEF,2026-09-06 15:09:00.155543+00:00,0,0,4.5,0.0,0,0,0,0,0,0,0,0,0,0,0,0,0,0.0,0.0,0.0,0.0,0.0,0,0.0,0.0,0.0,481,580,29,60,0.0,0.0,0.0,0.0,0.0,0.0,0.0,0.0,0,0,0,0,0,0.0,,457,183,459,184,401,173,467,183,,,,,,,0.0,0.0,0.0,0.0,0.0,0.0,529,140,494,188,494,188,570,194,0.0,0.0
54,Joao,Gomes,Joao Gomes,Aston Villa,MID,2026-09-06 15:09:00.155543+00:00,-2,0,5.5,0.0,39,0,0,0,4,0,0,0,0,1,0,0,-2,1.0,11.0,0.0,1.2,-0.7,0,-0.1,-0.4,-2.0,261,3204,17,136,0.0,0.0,0.0,0.0,0.01,0.0,0.01,2.58,1,4,1,2,7,16.15,Suspended until 19 Sep,327,149,179,102,602,255,289,130,,,,,,,0.0,0.0,0.02,0.02,5.95,9.23,159,96,653,290,653,290,518,214,2.31,0.0
